段落ID,章节号,领域,语体风格,正式度评分,平均句长,被动语态占比,领域关键词
chap1_para1,1,AI_Popular,Formal_Academic,8.0,44.0,0.0,
chap1_para2,1,AI_Popular,Formal_Academic,8.0,33.33,0.01,
chap1_para3,1,AI_Popular,Formal_Academic,8.5,33.67,0.0,
chap1_para4,1,AI_Popular,Formal_Academic,8.0,31.5,0.0,
chap1_para5,1,AI_Popular,Semi_Formal_Academic,7.0,4.0,0.0,
chap1_para6,1,AI_Popular,Semi_Formal_Academic,7.0,5.0,0.0,
chap1_para7,1,AI_Popular,Semi_Formal_Academic,7.0,17.0,0.0,
chap1_para8,1,AI_Popular,Formal_Academic,8.0,38.0,0.0,
chap1_para9,1,AI_Popular,Formal_Academic,8.0,28.5,0.0,
chap1_para10,1,AI_Popular,Formal_Academic,8.0,74.0,0.014,
chap1_para11,1,AI_Popular,Formal_Academic,8.0,33.0,0.0,
chap1_para12,1,AI_Popular,Semi_Formal_Academic,7.5,22.67,0.0,
chap1_para13,1,AI_Popular,Formal_Academic,8.0,31.0,0.0,
chap1_para14,1,AI_Popular,Formal_Academic,8.0,26.5,0.0,
chap1_para15,1,AI_Popular,Formal_Academic,8.0,30.33,0.0,
chap1_para16,1,AI_Popular,Semi_Formal_Academic,7.5,19.75,0.0,
chap1_para17,1,AI_Popular,Semi_Formal_Academic,7.5,24.5,0.0,
chap1_para18,1,AI_Popular,Semi_Formal_Academic,7.0,24.33,0.0,
chap1_para19,1,AI_Popular,Semi_Formal_Academic,7.0,18.0,0.028,
chap1_para20,1,AI_Popular,Semi_Formal_Academic,7.0,19.0,0.0,
chap1_para21,1,AI_Popular,Semi_Formal_Academic,7.0,18.5,0.0,
chap1_para22,1,AI_Popular,Semi_Formal_Academic,7.0,22.4,0.0,
chap1_para23,1,AI_Popular,Semi_Formal_Academic,7.0,10.5,0.0,
chap1_para24,1,AI_Popular,Formal_Academic,8.0,31.67,0.0,
chap1_para25,1,AI_Popular,Semi_Formal_Academic,7.0,24.75,0.0,
chap1_para26,1,AI_Popular,Semi_Formal_Academic,7.0,18.5,0.0,
chap1_para27,1,AI_Popular,Semi_Formal_Academic,7.0,19.0,0.0,
chap1_para28,1,AI_Popular,Semi_Formal_Academic,7.0,22.25,0.0,
chap1_para29,1,AI_Popular,Formal_Academic,8.0,32.0,0.01,
chap1_para30,1,AI_Popular,Semi_Formal_Academic,7.0,19.0,0.0,
chap1_para31,1,AI_Popular,Semi_Formal_Academic,7.5,21.0,0.0,
chap1_para32,1,AI_Popular,Formal_Academic,8.0,25.5,0.0,
chap1_para33,1,AI_Popular,Formal_Academic,8.0,20.3,0.0,
chap1_para34,1,AI_Popular,Formal_Academic,8.5,27.8,0.007,
chap1_para35,1,AI_Popular,Formal_Academic,8.0,33.5,0.0,
chap1_para36,1,AI_Popular,Semi_Formal_Academic,7.0,13.0,0.0,
chap1_para37,1,AI_Popular,Formal_Academic,8.0,28.0,0.0,
chap1_para38,1,AI_Popular,Semi_Formal_Academic,7.0,23.0,0.0,
chap1_para39,1,AI_Popular,Formal_Academic,8.0,26.0,0.0,
chap1_para40,1,AI_Popular,Semi_Formal_Academic,7.0,13.0,0.0,
chap1_para41,1,AI_Popular,Semi_Formal_Academic,7.0,11.0,0.0,
chap1_para42,1,AI_Popular,Semi_Formal_Academic,7.0,7.0,0.0,
chap1_para43,1,AI_Popular,Semi_Formal_Academic,7.0,8.0,0.0,
chap1_para44,1,AI_Popular,Semi_Formal_Academic,7.0,24.0,0.0,
chap1_para45,1,AI_Popular,Semi_Formal_Academic,7.0,24.0,0.0,
chap1_para46,1,AI_Popular,Formal_Academic,8.0,32.91,0.006,
chap1_para47,1,AI_Popular,Semi_Formal_Academic,7.0,21.0,0.0,
chap1_para48,1,AI_Popular,Formal_Academic,8.0,52.5,0.01,
chap1_para49,1,AI_Popular,Formal_Academic,8.0,41.0,0.0,
chap1_para50,1,AI_Popular,Formal_Academic,8.0,37.0,0.0,
chap1_para51,1,AI_Popular,Semi_Formal_Academic,7.5,19.67,0.0,
chap1_para52,1,AI_Popular,Semi_Formal_Academic,7.0,17.0,0.0,
chap1_para53,1,AI_Popular,Formal_Academic,8.0,34.6,0.012,
chap1_para54,1,AI_Popular,Semi_Formal_Academic,7.0,18.67,0.018,
chap1_para55,1,AI_Popular,Semi_Formal_Academic,7.0,20.43,0.0,
chap1_para56,1,AI_Popular,Formal_Academic,8.0,30.33,0.011,
chap1_para57,1,AI_Popular,Formal_Academic,8.0,39.33,0.008,
chap1_para58,1,AI_Popular,Semi_Formal_Academic,7.0,13.0,0.0,
chap1_para59,1,AI_Popular,Semi_Formal_Academic,7.0,6.0,0.0,
chap1_para60,1,AI_Popular,Semi_Formal_Academic,7.0,9.0,0.0,
chap1_para61,1,AI_Popular,Formal_Academic,8.0,37.0,0.0,
chap1_para62,1,AI_Popular,Formal_Academic,8.0,41.5,0.012,
chap1_para63,1,AI_Popular,Formal_Academic,8.0,34.0,0.0,
chap1_para64,1,AI_Popular,Formal_Academic,8.0,26.83,0.0,
chap1_para65,1,AI_Popular,Formal_Academic,8.0,29.75,0.008,
chap1_para66,1,AI_Popular,Formal_Academic,8.0,29.33,0.0,
chap1_para67,1,AI_Popular,Formal_Academic,8.0,31.0,0.0,
chap1_para68,1,AI_Popular,Semi_Formal_Academic,7.0,23.8,0.0,
chap1_para69,1,AI_Popular,Semi_Formal_Academic,7.0,24.0,0.01,
chap1_para70,1,AI_Popular,Formal_Academic,8.0,31.0,0.0,
chap1_para71,1,AI_Popular,Semi_Formal_Academic,7.0,14.0,0.0,
chap1_para72,1,AI_Popular,Semi_Formal_Academic,7.0,13.0,0.0,
chap1_para73,1,AI_Popular,Semi_Formal_Academic,7.0,16.0,0.0,
chap1_para74,1,AI_Popular,Formal_Academic,8.0,28.0,0.0,
chap1_para75,1,AI_Popular,Formal_Academic,8.5,32.0,0.0,
chap1_para76,1,AI_Popular,Formal_Academic,8.0,34.67,0.0,
chap1_para77,1,AI_Popular,Formal_Academic,8.0,28.33,0.012,
chap1_para78,1,AI_Popular,Formal_Academic,8.0,30.67,0.0,
chap1_para79,1,AI_Popular,Formal_Academic,8.0,37.0,0.0,
chap1_para80,1,AI_Popular,Formal_Academic,8.0,36.0,0.014,
chap1_para81,1,AI_Popular,Formal_Academic,8.0,28.0,0.0,
chap1_para82,1,AI_Popular,Semi_Formal_Academic,7.0,9.0,0.0,
chap1_para83,1,AI_Popular,Formal_Academic,8.0,34.0,0.0,
chap1_para84,1,AI_Popular,Formal_Academic,8.0,49.0,0.0,
chap1_para85,1,AI_Popular,Formal_Academic,8.0,34.0,0.015,
chap1_para86,1,AI_Popular,Semi_Formal_Academic,7.0,18.0,0.0,
chap1_para87,1,AI_Popular,Semi_Formal_Academic,7.0,15.0,0.0,
chap1_para88,1,AI_Popular,Semi_Formal_Academic,7.0,16.38,0.008,
chap1_para89,1,AI_Popular,Semi_Formal_Academic,7.0,19.36,0.0,
chap1_para90,1,AI_Popular,Semi_Formal_Academic,7.5,23.5,0.021,
chap1_para91,1,AI_Popular,Formal_Academic,8.0,39.0,0.0,
chap1_para92,1,AI_Popular,Formal_Academic,8.0,36.5,0.0,
chap1_para93,1,AI_Popular,Semi_Formal_Academic,7.0,9.0,0.0,
chap1_para94,1,AI_Popular,Semi_Formal_Academic,7.0,24.83,0.0,
chap1_para95,1,AI_Popular,Semi_Formal_Academic,7.0,18.4,0.0,
chap1_para96,1,AI_Popular,Formal_Academic,8.0,41.5,0.0,
chap1_para97,1,AI_Popular,Semi_Formal_Academic,7.0,12.0,0.0,
chap1_para98,1,AI_Popular,Formal_Academic,8.0,29.8,0.0,
chap1_para99,1,AI_Popular,Formal_Academic,8.0,38.0,0.0,
chap1_para100,1,AI_Popular,Formal_Academic,8.0,26.0,0.0,
chap1_para101,1,AI_Popular,Formal_Academic,8.0,26.0,0.0,
chap1_para102,1,AI_Popular,Formal_Academic,8.0,63.0,0.0,
chap1_para103,1,AI_Popular,Formal_Academic,8.0,56.4,0.007,
chap1_para104,1,AI_Popular,Formal_Academic,8.0,39.0,0.0,
chap1_para105,1,AI_Popular,Formal_Academic,8.0,26.0,0.0,
chap1_para106,1,AI_Popular,Semi_Formal_Academic,7.0,24.0,0.0,
chap1_para107,1,AI_Popular,Semi_Formal_Academic,7.0,12.0,0.0,
chap1_para108,1,AI_Popular,Semi_Formal_Academic,7.0,23.33,0.014,
chap1_para109,1,AI_Popular,Formal_Academic,8.0,27.75,0.009,
chap1_para110,1,AI_Popular,Formal_Academic,8.0,34.5,0.0,
chap1_para111,1,AI_Popular,Formal_Academic,8.0,30.0,0.0,
chap1_para112,1,AI_Popular,Semi_Formal_Academic,7.0,20.67,0.016,
chap1_para113,1,AI_Popular,Semi_Formal_Academic,7.0,18.2,0.011,
chap1_para114,1,AI_Popular,Formal_Academic,8.0,49.5,0.0,
chap1_para115,1,AI_Popular,Formal_Academic,8.0,54.0,0.0,
chap1_para116,1,AI_Popular,Semi_Formal_Academic,7.0,15.0,0.0,
chap1_para117,1,AI_Popular,Semi_Formal_Academic,7.0,21.8,0.0,
chap1_para118,1,AI_Popular,Formal_Academic,8.0,27.67,0.0,
chap1_para119,1,AI_Popular,Formal_Academic,8.0,42.0,0.0,
chap1_para120,1,AI_Popular,Formal_Academic,8.0,28.33,0.012,
chap1_para121,1,AI_Popular,Semi_Formal_Academic,7.0,10.0,0.0,
chap1_para122,1,AI_Popular,Semi_Formal_Academic,7.0,10.0,0.0,
chap1_para123,1,AI_Popular,Formal_Academic,8.0,25.33,0.0,
chap1_para124,1,AI_Popular,Formal_Academic,8.0,37.0,0.0,
chap1_para125,1,AI_Popular,Formal_Academic,8.0,28.4,0.014,
chap1_para126,1,AI_Popular,Formal_Academic,8.0,79.5,0.0,
chap1_para127,1,AI_Popular,Formal_Academic,8.0,30.38,0.008,
chap1_para128,1,AI_Popular,Formal_Academic,8.5,30.22,0.004,
chap1_para129,1,AI_Popular,Formal_Academic,8.0,32.0,0.0,
chap1_para130,1,AI_Popular,Formal_Academic,8.0,29.33,0.0,
chap1_para131,1,AI_Popular,Formal_Academic,8.0,26.0,0.0,
chap1_para132,1,AI_Popular,Formal_Academic,8.0,26.0,0.0,
chap1_para133,1,AI_Popular,Formal_Academic,8.0,26.0,0.0,
chap1_para134,1,AI_Popular,Formal_Academic,8.0,28.67,0.006,
chap1_para135,1,AI_Popular,Semi_Formal_Academic,7.0,18.0,0.0,
chap1_para136,1,AI_Popular,Formal_Academic,8.0,27.43,0.005,
chap1_para137,1,AI_Popular,Semi_Formal_Academic,7.0,22.0,0.005,
chap1_para138,1,AI_Popular,Semi_Formal_Academic,7.5,18.44,0.006,
chap1_para139,1,AI_Popular,Formal_Academic,8.0,26.8,0.0,
chap1_para140,1,AI_Popular,Formal_Academic,8.0,42.33,0.0,
chap1_para141,1,AI_Popular,Formal_Academic,8.0,33.0,0.006,perceptron
chap1_para142,1,AI_Popular,Formal_Academic,8.5,37.0,0.0,
chap1_para143,1,AI_Popular,Semi_Formal_Academic,7.5,21.75,0.0,
chap1_para144,1,AI_Popular,Formal_Academic,8.0,32.5,0.015,
chap1_para145,1,AI_Popular,Formal_Academic,8.0,26.0,0.008,
chap1_para146,1,AI_Popular,Formal_Academic,8.0,29.0,0.0,
chap1_para147,1,AI_Popular,Formal_Academic,8.0,26.0,0.019,
chap1_para148,1,AI_Popular,Formal_Academic,8.0,33.29,0.0,perceptron
chap1_para149,1,AI_Popular,Formal_Academic,8.0,28.5,0.0,
chap1_para150,1,AI_Popular,Formal_Academic,8.0,37.5,0.013,
chap1_para151,1,AI_Popular,Formal_Academic,8.0,45.0,0.006,
chap1_para152,1,AI_Popular,Formal_Academic,8.0,29.0,0.0,
chap1_para153,1,AI_Popular,Semi_Formal_Academic,7.0,19.14,0.0,
chap1_para154,1,AI_Popular,Semi_Formal_Academic,7.0,19.4,0.0,
chap1_para155,1,AI_Popular,Formal_Academic,8.0,29.0,0.0,
chap1_para156,1,AI_Popular,Formal_Academic,8.5,33.0,0.0,
chap1_para157,1,AI_Popular,Formal_Academic,8.0,30.33,0.011,
chap1_para158,1,AI_Popular,Semi_Formal_Academic,7.5,20.33,0.0,
chap1_para159,1,AI_Popular,Formal_Academic,8.0,42.0,0.0,
chap1_para160,1,AI_Popular,Formal_Academic,8.0,37.5,0.0,
chap1_para161,1,AI_Popular,Formal_Academic,8.0,33.5,0.015,
chap1_para162,1,AI_Popular,Formal_Academic,8.0,37.17,0.0,
chap1_para163,1,AI_Popular,Formal_Academic,8.0,43.0,0.0,
chap1_para164,1,AI_Popular,Formal_Academic,8.0,48.0,0.0,
chap1_para165,1,AI_Popular,Formal_Academic,8.0,80.0,0.0,
chap1_para166,1,AI_Popular,Formal_Academic,8.0,30.4,0.007,
chap1_para167,1,AI_Popular,Semi_Formal_Academic,7.5,17.25,0.005,
chap1_para168,1,AI_Popular,Formal_Academic,8.0,26.0,0.0,
chap1_para169,1,AI_Popular,Formal_Academic,8.0,46.0,0.0,
chap1_para170,1,AI_Popular,Formal_Academic,8.0,39.0,0.0,
chap1_para171,1,AI_Popular,Formal_Academic,8.0,44.0,0.0,
chap1_para172,1,AI_Popular,Formal_Academic,8.0,41.0,0.0,
chap1_para173,1,AI_Popular,Formal_Academic,9.0,37.5,0.007,
chap1_para174,1,AI_Popular,Formal_Academic,8.0,36.0,0.0,
chap1_para175,1,AI_Popular,Semi_Formal_Academic,7.0,23.67,0.0,
chap1_para176,1,AI_Popular,Semi_Formal_Academic,7.5,23.5,0.011,
chap1_para177,1,AI_Popular,Formal_Academic,8.0,29.4,0.007,
chap1_para178,1,AI_Popular,Formal_Academic,8.0,31.0,0.0,
chap1_para179,1,AI_Popular,Semi_Formal_Academic,7.0,23.75,0.0,
chap1_para180,1,AI_Popular,Formal_Academic,8.0,35.67,0.0,
chap1_para181,1,AI_Popular,Semi_Formal_Academic,7.0,21.5,0.0,
chap1_para182,1,AI_Popular,Semi_Formal_Academic,7.0,14.0,0.0,
chap1_para183,1,AI_Popular,Semi_Formal_Academic,7.0,13.0,0.0,
chap1_para184,1,AI_Popular,Semi_Formal_Academic,7.0,13.0,0.0,
chap1_para185,1,AI_Popular,Semi_Formal_Academic,7.0,14.0,0.0,
chap1_para186,1,AI_Popular,Semi_Formal_Academic,7.5,20.33,0.0,
chap1_para187,1,AI_Popular,Formal_Academic,8.0,32.0,0.0,
chap1_para188,1,AI_Popular,Semi_Formal_Academic,7.0,19.5,0.0,
chap1_para189,1,AI_Popular,Formal_Academic,8.0,31.5,0.0,
chap1_para190,1,AI_Popular,Formal_Academic,8.0,75.0,0.0,
chap1_para191,1,AI_Popular,Formal_Academic,8.0,34.0,0.0,
chap1_para192,1,AI_Popular,Semi_Formal_Academic,7.0,24.0,0.0,
chap1_para193,1,AI_Popular,Formal_Academic,8.0,29.0,0.0,
chap1_para194,1,AI_Popular,Semi_Formal_Academic,7.0,18.0,0.0,
chap1_para195,1,AI_Popular,Semi_Formal_Academic,7.0,13.0,0.0,
chap1_para196,1,AI_Popular,Formal_Academic,8.0,35.5,0.0,
chap1_para197,1,AI_Popular,Formal_Academic,8.0,39.67,0.008,
chap1_para198,1,AI_Popular,Formal_Academic,8.0,35.33,0.0,
chap1_para199,1,AI_Popular,Formal_Academic,8.0,41.0,0.0,
chap1_para200,1,AI_Popular,Formal_Academic,8.0,30.67,0.0,
chap1_para201,1,AI_Popular,Semi_Formal_Academic,7.0,4.0,0.0,
chap1_para202,1,AI_Popular,Formal_Academic,8.0,40.0,0.0,
chap1_para203,1,AI_Popular,Formal_Academic,8.0,44.5,0.0,
chap1_para204,1,AI_Popular,Formal_Academic,8.0,26.0,0.0,
chap1_para205,1,AI_Popular,Formal_Academic,8.0,35.5,0.0,
chap1_para206,1,AI_Popular,Formal_Academic,8.0,45.67,0.0,
chap1_para207,1,AI_Popular,Formal_Academic,8.5,38.67,0.0,
chap1_para208,1,AI_Popular,Formal_Academic,8.0,29.8,0.007,
chap1_para209,1,AI_Popular,Semi_Formal_Academic,7.0,10.0,0.0,
chap1_para210,1,AI_Popular,Formal_Academic,8.0,34.0,0.015,
chap1_para211,1,AI_Popular,Formal_Academic,8.0,34.0,0.0,
chap1_para212,1,AI_Popular,Semi_Formal_Academic,7.0,4.0,0.0,
chap1_para213,1,AI_Popular,Semi_Formal_Academic,7.0,21.0,0.0,
chap1_para214,1,AI_Popular,Semi_Formal_Academic,7.0,17.5,0.0,
chap1_para215,1,AI_Popular,Formal_Academic,8.0,56.0,0.0,
chap1_para216,1,AI_Popular,Formal_Academic,8.5,30.89,0.004,
chap1_para217,1,AI_Popular,Formal_Academic,8.0,51.5,0.0,
chap1_para218,1,AI_Popular,Formal_Academic,8.0,25.0,0.0,
chap1_para219,1,AI_Popular,Semi_Formal_Academic,7.5,23.0,0.0,
chap1_para220,1,AI_Popular,Formal_Academic,8.0,29.0,0.0,
chap1_para221,1,AI_Popular,Formal_Academic,8.0,30.5,0.0,
chap1_para222,1,AI_Popular,Formal_Academic,8.0,25.33,0.0,
chap1_para223,1,AI_Popular,Semi_Formal_Academic,7.0,11.67,0.0,
chap1_para224,1,AI_Popular,Formal_Academic,8.0,44.5,0.0,
chap1_para225,1,AI_Popular,Formal_Academic,8.5,39.0,0.017,
chap1_para226,1,AI_Popular,Formal_Academic,8.0,45.0,0.0,
chap1_para227,1,AI_Popular,Formal_Academic,8.0,26.8,0.0,
chap1_para228,1,AI_Popular,Formal_Academic,8.0,31.5,0.0,
chap1_para229,1,AI_Popular,Formal_Academic,8.0,46.5,0.011,
chap1_para230,1,AI_Popular,Semi_Formal_Academic,7.0,24.25,0.0,
chap1_para231,1,AI_Popular,Formal_Academic,8.0,27.33,0.0,
chap1_para232,1,AI_Popular,Formal_Academic,8.5,36.67,0.0,
chap1_para233,1,AI_Popular,Semi_Formal_Academic,7.0,17.0,0.0,
chap1_para234,1,AI_Popular,Semi_Formal_Academic,7.0,15.33,0.022,
chap1_para235,1,AI_Popular,Formal_Academic,8.0,72.0,0.014,
chap1_para236,1,AI_Popular,Formal_Academic,8.0,49.0,0.0,
chap1_para237,1,AI_Popular,Semi_Formal_Academic,7.0,16.0,0.0,
chap1_para238,1,AI_Popular,Semi_Formal_Academic,7.0,18.0,0.0,
chap1_para239,1,AI_Popular,Semi_Formal_Academic,7.0,24.0,0.0,
chap1_para240,1,AI_Popular,Semi_Formal_Academic,7.0,12.5,0.0,
chap1_para241,1,AI_Popular,Semi_Formal_Academic,7.0,21.0,0.0,
chap1_para242,1,AI_Popular,Semi_Formal_Academic,7.0,22.0,0.0,
chap1_para243,1,AI_Popular,Semi_Formal_Academic,7.0,20.0,0.0,
chap1_para244,1,AI_Popular,Semi_Formal_Academic,7.0,21.67,0.0,
chap1_para245,1,AI_Popular,Formal_Academic,8.0,26.0,0.0,
chap1_para246,1,AI_Popular,Semi_Formal_Academic,7.0,18.5,0.0,
chap1_para247,1,AI_Popular,Formal_Academic,8.0,26.0,0.0,
chap1_para248,1,AI_Popular,Formal_Academic,8.0,34.33,0.0,
chap1_para249,1,AI_Popular,Formal_Academic,8.0,29.0,0.009,
chap1_para250,1,AI_Popular,Formal_Academic,8.0,28.0,0.0,
chap1_para251,1,AI_Popular,Formal_Academic,8.0,36.0,0.0,
chap1_para252,1,AI_Popular,Formal_Academic,8.0,51.0,0.0,
chap1_para253,1,AI_Popular,Semi_Formal_Academic,7.0,19.0,0.0,
chap1_para254,1,AI_Popular,Semi_Formal_Academic,7.0,20.0,0.0,
chap1_para255,1,AI_Popular,Semi_Formal_Academic,7.0,14.0,0.0,
chap1_para256,1,AI_Popular,Formal_Academic,8.0,49.0,0.041,
chap1_para257,1,AI_Popular,Semi_Formal_Academic,7.0,24.0,0.0,
chap1_para258,1,AI_Popular,Formal_Academic,8.0,41.0,0.0,
chap1_para259,1,AI_Popular,Semi_Formal_Academic,7.0,9.0,0.0,
chap1_para260,1,AI_Popular,Semi_Formal_Academic,7.0,15.0,0.0,
chap1_para261,1,AI_Popular,Formal_Academic,8.0,30.5,0.0,
chap1_para262,1,AI_Popular,Semi_Formal_Academic,7.0,18.33,0.0,
chap1_para263,1,AI_Popular,Semi_Formal_Academic,7.0,21.25,0.0,
chap1_para264,1,AI_Popular,Formal_Academic,8.0,38.0,0.0,
chap2_para1,2,AI_Popular,Formal_Academic,8.0,29.0,0.0,
chap2_para2,2,AI_Popular,Semi_Formal_Academic,7.0,20.0,0.0,
chap2_para3,2,AI_Popular,Semi_Formal_Academic,7.0,21.6,0.0,
chap2_para4,2,AI_Popular,Semi_Formal_Academic,7.0,23.86,0.012,
chap2_para5,2,AI_Popular,Semi_Formal_Academic,7.0,13.67,0.0,
chap2_para6,2,AI_Popular,Semi_Formal_Academic,7.0,12.0,0.0,
chap2_para7,2,AI_Popular,Formal_Academic,8.0,25.33,0.0,
chap2_para8,2,AI_Popular,Formal_Academic,8.0,28.5,0.018,
chap2_para9,2,AI_Popular,Formal_Academic,8.0,38.5,0.0,
chap2_para10,2,AI_Popular,Semi_Formal_Academic,7.0,15.0,0.0,
chap2_para11,2,AI_Popular,Semi_Formal_Academic,7.0,16.67,0.0,
chap2_para12,2,AI_Popular,Formal_Academic,8.0,34.0,0.0,
chap2_para13,2,AI_Popular,Semi_Formal_Academic,7.0,15.75,0.0,
chap2_para14,2,AI_Popular,Formal_Academic,8.0,27.5,0.0,
chap2_para15,2,AI_Popular,Semi_Formal_Academic,7.0,11.0,0.0,
chap2_para16,2,AI_Popular,Semi_Formal_Academic,7.0,21.0,0.0,
chap2_para17,2,AI_Popular,Semi_Formal_Academic,7.0,22.5,0.0,
chap2_para18,2,AI_Popular,Semi_Formal_Academic,7.0,12.5,0.0,
chap2_para19,2,AI_Popular,Semi_Formal_Academic,7.0,15.0,0.015,
chap2_para20,2,AI_Popular,Semi_Formal_Academic,7.0,19.67,0.0,
chap2_para21,2,AI_Popular,Formal_Academic,8.0,45.0,0.0,
chap2_para22,2,AI_Popular,Formal_Academic,8.0,25.5,0.0,
chap2_para23,2,AI_Popular,Semi_Formal_Academic,7.0,21.8,0.018,
chap2_para24,2,AI_Popular,Formal_Academic,8.0,42.0,0.0,
chap2_para25,2,AI_Popular,Formal_Academic,8.0,47.5,0.011,
chap2_para26,2,AI_Popular,Semi_Formal_Academic,7.0,24.0,0.0,
chap2_para27,2,AI_Popular,Formal_Academic,8.0,37.0,0.0,
chap2_para28,2,AI_Popular,Semi_Formal_Academic,7.0,21.29,0.007,
chap2_para29,2,AI_Popular,Formal_Academic,9.0,30.0,0.0,
chap2_para30,2,AI_Popular,Formal_Academic,8.0,25.0,0.0,
chap2_para31,2,AI_Popular,Semi_Formal_Academic,7.0,11.0,0.0,
chap2_para32,2,AI_Popular,Semi_Formal_Academic,7.0,9.0,0.0,
chap2_para33,2,AI_Popular,Semi_Formal_Academic,7.0,10.0,0.0,
chap2_para34,2,AI_Popular,Formal_Academic,8.0,48.0,0.021,
chap2_para35,2,AI_Popular,Semi_Formal_Academic,7.0,20.2,0.0,
chap2_para36,2,AI_Popular,Semi_Formal_Academic,7.0,24.0,0.0,
chap2_para37,2,AI_Popular,Semi_Formal_Academic,7.0,13.0,0.0,
chap2_para38,2,AI_Popular,Semi_Formal_Academic,7.0,14.0,0.0,
chap2_para39,2,AI_Popular,Semi_Formal_Academic,7.0,24.0,0.042,
chap2_para40,2,AI_Popular,Semi_Formal_Academic,7.0,19.0,0.009,
chap2_para41,2,AI_Popular,Semi_Formal_Academic,7.0,10.0,0.0,
chap2_para42,2,AI_Popular,Semi_Formal_Academic,7.0,23.1,0.0,
chap2_para43,2,AI_Popular,Semi_Formal_Academic,7.0,24.0,0.0,
chap2_para44,2,AI_Popular,Semi_Formal_Academic,7.0,19.25,0.0,
chap2_para45,2,AI_Popular,Formal_Academic,8.0,26.75,0.019,
chap2_para46,2,AI_Popular,Semi_Formal_Academic,7.0,21.5,0.0,
chap2_para47,2,AI_Popular,Semi_Formal_Academic,7.0,19.2,0.021,
chap2_para48,2,AI_Popular,Formal_Academic,8.0,27.6,0.0,
chap2_para49,2,AI_Popular,Formal_Academic,8.0,26.0,0.0,
chap2_para50,2,AI_Popular,Formal_Academic,8.0,30.75,0.0,
chap2_para51,2,AI_Popular,Formal_Academic,8.5,26.25,0.0,
chap2_para52,2,AI_Popular,Semi_Formal_Academic,7.0,23.75,0.0,
chap2_para53,2,AI_Popular,Semi_Formal_Academic,7.0,21.0,0.0,
chap2_para54,2,AI_Popular,Semi_Formal_Academic,7.0,13.0,0.0,
chap2_para55,2,AI_Popular,Semi_Formal_Academic,7.0,16.0,0.006,
chap2_para56,2,AI_Popular,Semi_Formal_Academic,7.0,15.0,0.0,
chap2_para57,2,AI_Popular,Formal_Academic,8.0,25.33,0.0,
chap2_para58,2,AI_Popular,Semi_Formal_Academic,7.0,18.12,0.0,
chap2_para59,2,AI_Popular,Formal_Academic,8.0,31.5,0.0,
chap2_para60,2,AI_Popular,Formal_Academic,8.0,25.4,0.0,
chap2_para61,2,AI_Popular,Semi_Formal_Academic,7.0,13.0,0.0,
chap2_para62,2,AI_Popular,Semi_Formal_Academic,7.0,22.0,0.0,
chap2_para63,2,AI_Popular,Semi_Formal_Academic,7.0,17.15,0.004,
chap2_para64,2,AI_Popular,Semi_Formal_Academic,7.0,12.0,0.0,
chap2_para65,2,AI_Popular,Semi_Formal_Academic,7.5,20.8,0.0,
chap2_para66,2,AI_Popular,Semi_Formal_Academic,7.0,4.0,0.0,
chap2_para67,2,AI_Popular,Formal_Academic,8.0,33.67,0.0,
chap2_para68,2,AI_Popular,Semi_Formal_Academic,7.0,3.0,0.0,
chap2_para69,2,AI_Popular,Formal_Academic,8.5,26.83,0.0,
chap2_para70,2,AI_Popular,Semi_Formal_Academic,7.0,22.75,0.0,
chap2_para71,2,AI_Popular,Formal_Academic,8.0,47.0,0.0,
chap2_para72,2,AI_Popular,Semi_Formal_Academic,7.0,3.0,0.0,
chap2_para73,2,AI_Popular,Semi_Formal_Academic,7.5,19.0,0.0,
chap2_para74,2,AI_Popular,Formal_Academic,8.5,33.67,0.0,
chap2_para75,2,AI_Popular,Semi_Formal_Academic,7.0,3.0,0.0,
chap2_para76,2,AI_Popular,Formal_Academic,8.0,88.0,0.011,
chap2_para77,2,AI_Popular,Semi_Formal_Academic,7.0,3.0,0.0,
chap2_para78,2,AI_Popular,Semi_Formal_Academic,7.5,19.67,0.008,
chap2_para79,2,AI_Popular,Semi_Formal_Academic,7.0,18.5,0.0,
chap2_para80,2,AI_Popular,Semi_Formal_Academic,7.0,3.0,0.0,
chap2_para81,2,AI_Popular,Semi_Formal_Academic,7.0,24.43,0.0,
chap2_para82,2,AI_Popular,Semi_Formal_Academic,7.0,3.0,0.0,
chap2_para83,2,AI_Popular,Semi_Formal_Academic,7.0,21.5,0.008,
chap2_para84,2,AI_Popular,Semi_Formal_Academic,7.0,3.0,0.0,
chap2_para85,2,AI_Popular,Formal_Academic,8.0,28.67,0.0,
chap2_para86,2,AI_Popular,Formal_Academic,8.0,32.67,0.0,
chap2_para87,2,AI_Popular,Semi_Formal_Academic,7.0,24.8,0.0,
chap2_para88,2,AI_Popular,Semi_Formal_Academic,7.0,21.67,0.0,
chap2_para89,2,AI_Popular,Formal_Academic,8.5,31.75,0.0,
chap2_para90,2,AI_Popular,Semi_Formal_Academic,7.0,17.64,0.004,
chap2_para91,2,AI_Popular,Semi_Formal_Academic,7.0,11.0,0.0,
chap2_para92,2,AI_Popular,Formal_Academic,8.0,35.0,0.0,
chap2_para93,2,AI_Popular,Semi_Formal_Academic,7.0,23.5,0.0,
chap2_para94,2,AI_Popular,Semi_Formal_Academic,7.0,23.75,0.011,
chap2_para95,2,AI_Popular,Semi_Formal_Academic,7.0,24.2,0.0,
chap2_para96,2,AI_Popular,Formal_Academic,8.0,36.0,0.0,
chap2_para97,2,AI_Popular,Formal_Academic,8.0,39.5,0.0,
chap2_para98,2,AI_Popular,Semi_Formal_Academic,7.0,23.4,0.009,
chap2_para99,2,AI_Popular,Semi_Formal_Academic,7.0,15.83,0.0,
chap2_para100,2,AI_Popular,Semi_Formal_Academic,7.0,16.5,0.03,
chap2_para101,2,AI_Popular,Formal_Academic,8.0,28.12,0.004,
chap2_para102,2,AI_Popular,Formal_Academic,8.0,31.0,0.032,
chap2_para103,2,AI_Popular,Formal_Academic,8.0,34.0,0.0,
chap2_para104,2,AI_Popular,Formal_Academic,8.0,25.33,0.0,
chap2_para105,2,AI_Popular,Formal_Academic,8.0,44.0,0.0,
chap2_para106,2,AI_Popular,Semi_Formal_Academic,7.0,15.0,0.0,
chap2_para107,2,AI_Popular,Semi_Formal_Academic,7.0,22.33,0.0,
chap2_para108,2,AI_Popular,Semi_Formal_Academic,7.0,21.25,0.024,
chap2_para109,2,AI_Popular,Semi_Formal_Academic,7.0,24.0,0.0,
chap2_para110,2,AI_Popular,Semi_Formal_Academic,7.0,21.5,0.0,
chap2_para111,2,AI_Popular,Semi_Formal_Academic,7.0,8.17,0.0,
chap2_para112,2,AI_Popular,Semi_Formal_Academic,7.0,14.0,0.0,
chap2_para113,2,AI_Popular,Semi_Formal_Academic,7.0,23.5,0.0,
chap2_para114,2,AI_Popular,Formal_Academic,8.0,25.75,0.0,
chap2_para115,2,AI_Popular,Formal_Academic,8.0,29.0,0.0,
chap2_para116,2,AI_Popular,Semi_Formal_Academic,7.0,20.0,0.0,
chap2_para117,2,AI_Popular,Semi_Formal_Academic,7.0,22.0,0.0,
chap2_para118,2,AI_Popular,Semi_Formal_Academic,7.0,20.0,0.0,
chap2_para119,2,AI_Popular,Formal_Academic,8.0,30.75,0.0,
chap2_para120,2,AI_Popular,Semi_Formal_Academic,7.0,13.5,0.0,
chap2_para121,2,AI_Popular,Formal_Academic,8.0,25.5,0.0,
chap2_para122,2,AI_Popular,Semi_Formal_Academic,7.0,24.4,0.0,
chap2_para123,2,AI_Popular,Semi_Formal_Academic,7.0,16.33,0.02,
chap2_para124,2,AI_Popular,Semi_Formal_Academic,7.0,22.33,0.0,
chap2_para125,2,AI_Popular,Semi_Formal_Academic,7.0,19.0,0.0,
chap2_para126,2,AI_Popular,Semi_Formal_Academic,7.0,18.33,0.0,
chap2_para127,2,AI_Popular,Semi_Formal_Academic,7.0,20.0,0.0,
chap2_para128,2,AI_Popular,Formal_Academic,8.0,32.0,0.0,
chap2_para129,2,AI_Popular,Formal_Academic,8.0,31.75,0.0,
chap2_para130,2,AI_Popular,Formal_Academic,8.0,32.0,0.008,
chap2_para131,2,AI_Popular,Formal_Academic,8.0,25.0,0.027,
chap2_para132,2,AI_Popular,Semi_Formal_Academic,7.0,22.5,0.022,
chap2_para133,2,AI_Popular,Formal_Academic,8.0,26.75,0.009,
chap2_para134,2,AI_Popular,Semi_Formal_Academic,7.0,8.0,0.0,
chap2_para135,2,AI_Popular,Semi_Formal_Academic,7.0,12.67,0.0,
chap2_para136,2,AI_Popular,Formal_Academic,8.0,27.0,0.0,
chap2_para137,2,AI_Popular,Formal_Academic,8.0,32.0,0.0,
chap2_para138,2,AI_Popular,Semi_Formal_Academic,7.0,24.4,0.008,
chap2_para139,2,AI_Popular,Semi_Formal_Academic,7.0,10.0,0.0,
chap2_para140,2,AI_Popular,Semi_Formal_Academic,7.0,23.0,0.0,
chap2_para141,2,AI_Popular,Semi_Formal_Academic,7.0,24.5,0.0,
chap2_para142,2,AI_Popular,Formal_Academic,8.0,34.0,0.0,
chap2_para143,2,AI_Popular,Formal_Academic,8.0,28.75,0.0,
chap2_para144,2,AI_Popular,Formal_Academic,8.0,29.67,0.011,
chap2_para145,2,AI_Popular,Semi_Formal_Academic,7.0,22.4,0.0,
chap2_para146,2,AI_Popular,Formal_Academic,8.0,29.67,0.0,
chap2_para147,2,AI_Popular,Formal_Academic,8.5,38.0,0.0,
chap2_para148,2,AI_Popular,Formal_Academic,8.5,27.83,0.006,
chap2_para149,2,AI_Popular,Semi_Formal_Academic,7.0,19.33,0.0,
chap2_para150,2,AI_Popular,Semi_Formal_Academic,7.0,22.0,0.015,
chap2_para151,2,AI_Popular,Formal_Academic,8.0,26.43,0.0,
chap2_para152,2,AI_Popular,Formal_Academic,8.0,34.0,0.0,
chap2_para153,2,AI_Popular,Semi_Formal_Academic,7.0,15.5,0.0,
chap2_para154,2,AI_Popular,Semi_Formal_Academic,7.0,19.8,0.0,
chap2_para155,2,AI_Popular,Semi_Formal_Academic,7.0,21.67,0.0,
chap2_para156,2,AI_Popular,Semi_Formal_Academic,7.0,20.0,0.0,
chap2_para157,2,AI_Popular,Formal_Academic,8.0,25.25,0.0,
chap2_para158,2,AI_Popular,Semi_Formal_Academic,7.0,15.0,0.0,
chap2_para159,2,AI_Popular,Formal_Academic,8.0,44.5,0.0,
chap2_para160,2,AI_Popular,Semi_Formal_Academic,7.0,23.0,0.0,
chap2_para161,2,AI_Popular,Semi_Formal_Academic,7.0,20.25,0.0,
chap2_para162,2,AI_Popular,Formal_Academic,8.0,30.0,0.0,
chap2_para163,2,AI_Popular,Formal_Academic,8.0,26.67,0.013,
chap2_para164,2,AI_Popular,Formal_Academic,8.0,28.5,0.0,
chap2_para165,2,AI_Popular,Semi_Formal_Academic,7.0,23.5,0.011,
chap2_para166,2,AI_Popular,Formal_Academic,8.5,28.33,0.0,
chap2_para167,2,AI_Popular,Formal_Academic,8.0,126.0,0.0,
chap2_para168,2,AI_Popular,Formal_Academic,8.0,41.5,0.0,
chap2_para169,2,AI_Popular,Semi_Formal_Academic,7.0,24.0,0.0,
chap2_para170,2,AI_Popular,Semi_Formal_Academic,7.0,21.5,0.0,
chap2_para171,2,AI_Popular,Semi_Formal_Academic,7.0,8.17,0.0,
chap2_para172,2,AI_Popular,Formal_Academic,8.0,32.67,0.0,
chap2_para173,2,AI_Popular,Formal_Academic,8.0,36.25,0.0,
chap2_para174,2,AI_Popular,Formal_Academic,8.0,54.75,0.0,
chap2_para175,2,AI_Popular,Formal_Academic,8.0,27.0,0.0,
chap2_para176,2,AI_Popular,Formal_Academic,8.0,30.67,0.0,
chap2_para177,2,AI_Popular,Formal_Academic,8.0,33.6,0.0,
chap2_para178,2,AI_Popular,Formal_Academic,8.0,26.0,0.008,
chap2_para179,2,AI_Popular,Formal_Academic,8.0,42.0,0.0,
chap2_para180,2,AI_Popular,Semi_Formal_Academic,7.0,22.67,0.0,
chap2_para181,2,AI_Popular,Semi_Formal_Academic,7.0,20.0,0.0,
chap2_para182,2,AI_Popular,Semi_Formal_Academic,7.0,21.0,0.0,
chap2_para183,2,AI_Popular,Semi_Formal_Academic,7.0,21.0,0.0,
chap2_para184,2,AI_Popular,Semi_Formal_Academic,7.0,21.0,0.0,
chap2_para185,2,AI_Popular,Semi_Formal_Academic,7.0,14.5,0.0,
chap2_para186,2,AI_Popular,Formal_Academic,8.0,31.0,0.0,
chap2_para187,2,AI_Popular,Formal_Academic,8.0,30.0,0.0,
chap2_para188,2,AI_Popular,Formal_Academic,8.0,31.0,0.0,
chap2_para189,2,AI_Popular,Semi_Formal_Academic,7.0,23.83,0.0,
chap2_para190,2,AI_Popular,Formal_Academic,8.0,27.0,0.0,
chap2_para191,2,AI_Popular,Formal_Academic,8.0,65.5,0.0,
chap2_para192,2,AI_Popular,Formal_Academic,8.0,30.0,0.0,
chap2_para193,2,AI_Popular,Formal_Academic,8.0,31.43,0.005,
chap2_para194,2,AI_Popular,Formal_Academic,8.0,40.5,0.0,
chap2_para195,2,AI_Popular,Formal_Academic,8.0,33.33,0.0,
chap2_para196,2,AI_Popular,Formal_Academic,8.0,26.0,0.0,
chap2_para197,2,AI_Popular,Semi_Formal_Academic,7.0,22.25,0.006,
chap2_para198,2,AI_Popular,Formal_Academic,8.0,27.0,0.0,
chap2_para199,2,AI_Popular,Formal_Academic,8.0,64.0,0.0,
chap2_para200,2,AI_Popular,Formal_Academic,8.0,25.0,0.0,
chap2_para201,2,AI_Popular,Formal_Academic,8.0,26.0,0.0,
chap2_para202,2,AI_Popular,Formal_Academic,8.0,29.0,0.0,
chap2_para203,2,AI_Popular,Semi_Formal_Academic,7.0,12.0,0.0,
chap2_para204,2,AI_Popular,Formal_Academic,8.0,25.0,0.0,
chap3_para1,3,AI_Popular,Formal_Academic,8.0,28.0,0.0,
chap3_para2,3,AI_Popular,Formal_Academic,8.0,26.5,0.038,
chap3_para3,3,AI_Popular,Formal_Academic,8.0,27.5,0.0,
chap3_para4,3,AI_Popular,Semi_Formal_Academic,7.0,22.0,0.0,
chap3_para5,3,AI_Popular,Semi_Formal_Academic,7.0,15.0,0.0,
chap3_para6,3,AI_Popular,Semi_Formal_Academic,7.0,14.5,0.0,
chap3_para7,3,AI_Popular,Semi_Formal_Academic,7.0,21.83,0.0,
chap3_para8,3,AI_Popular,Semi_Formal_Academic,7.0,7.88,0.005,
chap3_para9,3,AI_Popular,Semi_Formal_Academic,7.0,18.0,0.0,
chap3_para10,3,AI_Popular,Semi_Formal_Academic,7.0,14.0,0.0,
chap3_para11,3,AI_Popular,Formal_Academic,8.5,37.0,0.0,
chap3_para12,3,AI_Popular,Formal_Academic,8.0,29.67,0.011,
chap3_para13,3,AI_Popular,Semi_Formal_Academic,7.0,19.0,0.0,
chap3_para14,3,AI_Popular,Formal_Academic,8.0,34.0,0.007,
chap3_para15,3,AI_Popular,Formal_Academic,8.0,33.0,0.0,
chap3_para16,3,AI_Popular,Semi_Formal_Academic,7.0,17.5,0.0,
chap3_para17,3,AI_Popular,Semi_Formal_Academic,7.0,7.5,0.0,
chap3_para18,3,AI_Popular,Formal_Academic,8.0,27.5,0.005,
chap3_para19,3,AI_Popular,Semi_Formal_Academic,7.0,19.67,0.0,
chap3_para20,3,AI_Popular,Formal_Academic,8.0,54.5,0.0,
chap3_para21,3,AI_Popular,Semi_Formal_Academic,7.0,20.0,0.0,
chap3_para22,3,AI_Popular,Formal_Academic,8.0,25.0,0.0,
chap3_para23,3,AI_Popular,Formal_Academic,8.0,39.33,0.0,
chap3_para24,3,AI_Popular,Semi_Formal_Academic,7.0,23.33,0.014,
chap3_para25,3,AI_Popular,Semi_Formal_Academic,7.0,20.6,0.0,
chap3_para26,3,AI_Popular,Formal_Academic,8.0,55.0,0.0,
chap3_para27,3,AI_Popular,Formal_Academic,8.0,34.0,0.0,
chap3_para28,3,AI_Popular,Semi_Formal_Academic,7.0,22.8,0.009,
chap3_para29,3,AI_Popular,Formal_Academic,8.0,26.71,0.0,
chap3_para30,3,AI_Popular,Semi_Formal_Academic,7.0,14.0,0.0,
chap3_para31,3,AI_Popular,Semi_Formal_Academic,7.0,21.0,0.0,
chap3_para32,3,AI_Popular,Formal_Academic,8.0,26.0,0.0,
chap3_para33,3,AI_Popular,Formal_Academic,8.0,44.0,0.0,
chap3_para34,3,AI_Popular,Semi_Formal_Academic,7.0,22.0,0.0,
chap3_para35,3,AI_Popular,Semi_Formal_Academic,7.0,13.0,0.0,
chap3_para36,3,AI_Popular,Semi_Formal_Academic,7.0,9.0,0.0,
chap3_para37,3,AI_Popular,Semi_Formal_Academic,7.0,5.9,0.0,
chap3_para38,3,AI_Popular,Semi_Formal_Academic,7.0,17.5,0.0,
chap3_para39,3,AI_Popular,Formal_Academic,8.0,26.67,0.0,
chap3_para40,3,AI_Popular,Semi_Formal_Academic,7.0,16.25,0.0,
chap3_para41,3,AI_Popular,Semi_Formal_Academic,7.0,21.88,0.0,
chap3_para42,3,AI_Popular,Semi_Formal_Academic,7.0,10.0,0.0,
chap3_para43,3,AI_Popular,Semi_Formal_Academic,7.0,15.0,0.0,
chap3_para44,3,AI_Popular,Semi_Formal_Academic,7.0,21.0,0.0,
chap3_para45,3,AI_Popular,Formal_Academic,8.0,39.0,0.0,
chap3_para46,3,AI_Popular,Semi_Formal_Academic,7.0,17.0,0.0,
chap3_para47,3,AI_Popular,Formal_Academic,8.0,40.0,0.0,
chap3_para48,3,AI_Popular,Formal_Academic,8.0,28.0,0.0,
chap3_para49,3,AI_Popular,Semi_Formal_Academic,7.0,9.0,0.0,
chap3_para50,3,AI_Popular,Semi_Formal_Academic,7.0,19.25,0.0,
chap3_para51,3,AI_Popular,Semi_Formal_Academic,7.0,21.33,0.016,
chap3_para52,3,AI_Popular,Semi_Formal_Academic,7.0,2.0,0.0,
chap3_para53,3,AI_Popular,Semi_Formal_Academic,7.0,4.0,0.0,
chap3_para54,3,AI_Popular,Semi_Formal_Academic,7.0,13.0,0.0,
chap3_para55,3,AI_Popular,Semi_Formal_Academic,7.0,6.0,0.0,
chap3_para56,3,AI_Popular,Semi_Formal_Academic,7.0,19.0,0.0,
chap3_para57,3,AI_Popular,Semi_Formal_Academic,7.0,14.0,0.0,
chap3_para58,3,AI_Popular,Semi_Formal_Academic,7.0,9.0,0.0,
chap3_para59,3,AI_Popular,Semi_Formal_Academic,7.0,9.0,0.0,
chap3_para60,3,AI_Popular,Semi_Formal_Academic,7.0,19.0,0.0,
chap3_para61,3,AI_Popular,Formal_Academic,8.5,26.14,0.005,
chap3_para62,3,AI_Popular,Semi_Formal_Academic,7.0,11.0,0.0,
chap3_para63,3,AI_Popular,Formal_Academic,8.0,31.0,0.0,
chap3_para64,3,AI_Popular,Formal_Academic,8.0,34.0,0.0,
chap3_para65,3,AI_Popular,Formal_Academic,8.0,34.0,0.0,
chap3_para66,3,AI_Popular,Semi_Formal_Academic,7.5,20.67,0.032,
chap3_para67,3,AI_Popular,Semi_Formal_Academic,7.0,24.0,0.0,
chap3_para68,3,AI_Popular,Semi_Formal_Academic,7.0,23.29,0.0,
chap3_para69,3,AI_Popular,Semi_Formal_Academic,7.0,22.67,0.0,
chap3_para70,3,AI_Popular,Semi_Formal_Academic,7.0,21.78,0.0,
chap3_para71,3,AI_Popular,Semi_Formal_Academic,7.0,24.75,0.0,
chap3_para72,3,AI_Popular,Semi_Formal_Academic,7.0,24.5,0.0,
chap3_para73,3,AI_Popular,Semi_Formal_Academic,7.0,15.5,0.0,
chap3_para74,3,AI_Popular,Formal_Academic,8.0,30.0,0.0,
chap3_para75,3,AI_Popular,Semi_Formal_Academic,7.0,15.27,0.0,
chap3_para76,3,AI_Popular,Formal_Academic,8.0,30.5,0.0,
chap3_para77,3,AI_Popular,Semi_Formal_Academic,7.0,23.0,0.0,
chap3_para78,3,AI_Popular,Semi_Formal_Academic,7.0,13.33,0.0,
chap3_para79,3,AI_Popular,Semi_Formal_Academic,7.0,19.33,0.0,
chap3_para80,3,AI_Popular,Semi_Formal_Academic,7.0,13.0,0.0,
chap3_para81,3,AI_Popular,Semi_Formal_Academic,7.0,15.12,0.0,
chap3_para82,3,AI_Popular,Formal_Academic,8.0,30.33,0.0,
chap3_para83,3,AI_Popular,Semi_Formal_Academic,7.0,21.5,0.023,
chap3_para84,3,AI_Popular,Semi_Formal_Academic,7.0,12.67,0.0,
chap3_para85,3,AI_Popular,Semi_Formal_Academic,7.0,19.67,0.0,
chap3_para86,3,AI_Popular,Semi_Formal_Academic,7.0,19.0,0.0,
chap3_para87,3,AI_Popular,Formal_Academic,8.0,29.43,0.0,
chap3_para88,3,AI_Popular,Semi_Formal_Academic,7.0,21.33,0.008,
chap3_para89,3,AI_Popular,Semi_Formal_Academic,7.0,23.5,0.021,
chap3_para90,3,AI_Popular,Semi_Formal_Academic,7.0,24.8,0.008,
chap3_para91,3,AI_Popular,Semi_Formal_Academic,7.0,14.88,0.0,
chap3_para92,3,AI_Popular,Semi_Formal_Academic,7.0,11.0,0.0,
chap3_para93,3,AI_Popular,Formal_Academic,8.0,40.67,0.016,
chap3_para94,3,AI_Popular,Semi_Formal_Academic,7.0,17.5,0.0,
chap3_para95,3,AI_Popular,Semi_Formal_Academic,7.0,24.0,0.0,
chap3_para96,3,AI_Popular,Semi_Formal_Academic,7.0,17.0,0.0,
chap3_para97,3,AI_Popular,Semi_Formal_Academic,7.0,20.0,0.0,
chap3_para98,3,AI_Popular,Semi_Formal_Academic,7.0,18.0,0.0,
chap3_para99,3,AI_Popular,Semi_Formal_Academic,7.0,18.5,0.027,
chap3_para100,3,AI_Popular,Formal_Academic,9.0,29.0,0.069,
chap3_para101,3,AI_Popular,Formal_Academic,8.0,32.0,0.031,
chap3_para102,3,AI_Popular,Semi_Formal_Academic,7.0,16.5,0.0,
chap3_para103,3,AI_Popular,Formal_Academic,8.0,28.67,0.0,
chap3_para104,3,AI_Popular,Semi_Formal_Academic,7.0,22.0,0.0,
chap3_para105,3,AI_Popular,Formal_Academic,8.0,26.2,0.0,
chap3_para106,3,AI_Popular,Semi_Formal_Academic,7.0,8.0,0.0,
chap3_para107,3,AI_Popular,Formal_Academic,8.0,31.5,0.0,
chap3_para108,3,AI_Popular,Formal_Academic,8.0,29.33,0.0,
chap3_para109,3,AI_Popular,Formal_Academic,8.0,42.67,0.0,
chap3_para110,3,AI_Popular,Formal_Academic,8.0,32.0,0.0,
chap3_para111,3,AI_Popular,Semi_Formal_Academic,7.0,18.0,0.0,
chap3_para112,3,AI_Popular,Semi_Formal_Academic,7.0,17.0,0.0,
chap3_para113,3,AI_Popular,Formal_Academic,8.0,14.0,0.071,
chap3_para114,3,AI_Popular,Semi_Formal_Academic,7.5,21.5,0.0,
chap3_para115,3,AI_Popular,Semi_Formal_Academic,7.0,17.83,0.0,
chap3_para116,3,AI_Popular,Formal_Academic,8.0,39.33,0.008,
chap3_para117,3,AI_Popular,Formal_Academic,8.0,33.8,0.006,
chap3_para118,3,AI_Popular,Formal_Academic,8.0,25.75,0.0,
chap3_para119,3,AI_Popular,Formal_Academic,8.5,35.0,0.01,
chap3_para120,3,AI_Popular,Formal_Academic,8.5,38.5,0.013,
chap3_para121,3,AI_Popular,Formal_Academic,8.0,26.0,0.0,
chap3_para122,3,AI_Popular,Semi_Formal_Academic,7.0,5.8,0.0,
chap3_para123,3,AI_Popular,Semi_Formal_Academic,7.0,14.0,0.036,
chap3_para124,3,AI_Popular,Formal_Academic,8.0,43.0,0.0,
chap3_para125,3,AI_Popular,Semi_Formal_Academic,7.0,10.0,0.0,
chap3_para126,3,AI_Popular,Semi_Formal_Academic,7.0,9.0,0.0,
chap3_para127,3,AI_Popular,Semi_Formal_Academic,7.0,13.0,0.0,
chap3_para128,3,AI_Popular,Semi_Formal_Academic,7.0,14.75,0.0,
chap3_para129,3,AI_Popular,Semi_Formal_Academic,7.0,11.14,0.0,
chap3_para130,3,AI_Popular,Semi_Formal_Academic,7.0,13.0,0.0,
chap3_para131,3,AI_Popular,Semi_Formal_Academic,7.0,10.83,0.0,
chap3_para132,3,AI_Popular,Semi_Formal_Academic,7.0,12.0,0.0,
chap3_para133,3,AI_Popular,Semi_Formal_Academic,7.0,16.5,0.0,
chap3_para134,3,AI_Popular,Semi_Formal_Academic,7.0,11.4,0.0,
chap3_para135,3,AI_Popular,Semi_Formal_Academic,7.0,13.0,0.0,
chap3_para136,3,AI_Popular,Semi_Formal_Academic,7.0,12.0,0.0,
chap3_para137,3,AI_Popular,Semi_Formal_Academic,7.0,10.0,0.0,
chap3_para138,3,AI_Popular,Semi_Formal_Academic,7.0,24.55,0.0,
chap3_para139,3,AI_Popular,Semi_Formal_Academic,7.0,15.0,0.0,
chap3_para140,3,AI_Popular,Semi_Formal_Academic,7.0,15.33,0.0,
chap3_para141,3,AI_Popular,Formal_Academic,8.0,31.5,0.008,
chap3_para142,3,AI_Popular,Semi_Formal_Academic,7.0,22.8,0.018,
chap3_para143,3,AI_Popular,Semi_Formal_Academic,7.0,16.0,0.0,
chap3_para144,3,AI_Popular,Semi_Formal_Academic,7.0,23.5,0.021,
chap3_para145,3,AI_Popular,Formal_Academic,8.0,31.0,0.016,
chap3_para146,3,AI_Popular,Formal_Academic,8.0,30.25,0.008,
chap3_para147,3,AI_Popular,Formal_Academic,8.0,34.5,0.0,
chap3_para148,3,AI_Popular,Semi_Formal_Academic,7.5,23.5,0.007,
chap3_para149,3,AI_Popular,Formal_Academic,8.0,27.33,0.0,
chap3_para150,3,AI_Popular,Formal_Academic,8.0,42.0,0.0,
chap3_para151,3,AI_Popular,Semi_Formal_Academic,7.5,21.0,0.0,
chap3_para152,3,AI_Popular,Formal_Academic,8.0,29.33,0.0,
chap3_para153,3,AI_Popular,Formal_Academic,8.0,40.0,0.0,
chap3_para154,3,AI_Popular,Semi_Formal_Academic,7.0,22.88,0.005,
chap3_para155,3,AI_Popular,Formal_Academic,8.0,38.0,0.0,
chap3_para156,3,AI_Popular,Semi_Formal_Academic,7.0,24.0,0.0,
chap3_para157,3,AI_Popular,Formal_Academic,8.0,31.5,0.0,
chap3_para158,3,AI_Popular,Formal_Academic,8.0,18.83,0.0,
chap3_para159,3,AI_Popular,Formal_Academic,8.0,30.0,0.0,
chap3_para160,3,AI_Popular,Formal_Academic,8.0,27.2,0.0,
chap3_para161,3,AI_Popular,Formal_Academic,8.0,38.5,0.0,
chap3_para162,3,AI_Popular,Semi_Formal_Academic,7.0,24.0,0.0,
chap3_para163,3,AI_Popular,Semi_Formal_Academic,7.0,24.0,0.0,
chap3_para164,3,AI_Popular,Formal_Academic,8.0,46.0,0.004,
chap3_para165,3,AI_Popular,Formal_Academic,8.0,33.0,0.0,
chap3_para166,3,AI_Popular,Formal_Academic,8.0,29.33,0.0,
chap3_para167,3,AI_Popular,Formal_Academic,8.0,35.0,0.0,
chap3_para168,3,AI_Popular,Semi_Formal_Academic,7.0,21.4,0.0,
chap3_para169,3,AI_Popular,Formal_Academic,8.5,28.5,0.0,
chap3_para170,3,AI_Popular,Formal_Academic,8.0,27.33,0.0,
chap3_para171,3,AI_Popular,Formal_Academic,8.0,30.67,0.0,
chap3_para172,3,AI_Popular,Semi_Formal_Academic,7.0,8.0,0.0,
chap3_para173,3,AI_Popular,Formal_Academic,8.0,32.5,0.0,
chap3_para174,3,AI_Popular,Formal_Academic,8.0,30.0,0.0,
chap3_para175,3,AI_Popular,Formal_Academic,8.0,39.5,0.0,
chap3_para176,3,AI_Popular,Semi_Formal_Academic,7.0,23.5,0.0,
chap3_para177,3,AI_Popular,Formal_Academic,8.0,31.0,0.0,
chap3_para178,3,AI_Popular,Formal_Academic,8.0,23.6,0.008,
chap3_para179,3,AI_Popular,Formal_Academic,8.0,43.0,0.0,
chap3_para180,3,AI_Popular,Semi_Formal_Academic,7.0,5.0,0.0,
chap3_para181,3,AI_Popular,Semi_Formal_Academic,7.0,9.5,0.0,
chap3_para182,3,AI_Popular,Formal_Academic,8.0,12.0,0.083,
chap3_para183,3,AI_Popular,Semi_Formal_Academic,7.0,5.0,0.0,
chap3_para184,3,AI_Popular,Semi_Formal_Academic,7.0,10.0,0.0,
chap3_para185,3,AI_Popular,Semi_Formal_Academic,7.0,8.5,0.0,
chap3_para186,3,AI_Popular,Semi_Formal_Academic,7.0,11.25,0.0,
chap3_para187,3,AI_Popular,Semi_Formal_Academic,7.0,12.0,0.0,
chap3_para188,3,AI_Popular,Semi_Formal_Academic,7.0,5.0,0.0,
chap3_para189,3,AI_Popular,Semi_Formal_Academic,7.0,10.0,0.0,
chap3_para190,3,AI_Popular,Semi_Formal_Academic,7.0,9.0,0.0,
chap3_para191,3,AI_Popular,Semi_Formal_Academic,7.0,12.75,0.0,
chap3_para192,3,AI_Popular,Semi_Formal_Academic,7.0,11.67,0.0,
chap3_para193,3,AI_Popular,Semi_Formal_Academic,7.0,13.4,0.0,
chap3_para194,3,AI_Popular,Semi_Formal_Academic,7.0,11.5,0.0,
chap3_para195,3,AI_Popular,Semi_Formal_Academic,7.0,11.0,0.0,
chap3_para196,3,AI_Popular,Semi_Formal_Academic,7.0,12.0,0.0,
chap3_para197,3,AI_Popular,Semi_Formal_Academic,7.0,5.0,0.0,
chap3_para198,3,AI_Popular,Semi_Formal_Academic,7.0,10.0,0.0,
chap3_para199,3,AI_Popular,Semi_Formal_Academic,7.0,9.0,0.0,
chap3_para200,3,AI_Popular,Semi_Formal_Academic,7.0,13.0,0.0,
chap3_para201,3,AI_Popular,Semi_Formal_Academic,7.0,14.75,0.0,
chap3_para202,3,AI_Popular,Semi_Formal_Academic,7.0,11.14,0.0,
chap3_para203,3,AI_Popular,Semi_Formal_Academic,7.0,13.0,0.0,
chap3_para204,3,AI_Popular,Semi_Formal_Academic,7.0,10.83,0.0,
chap3_para205,3,AI_Popular,Semi_Formal_Academic,7.0,12.0,0.0,
chap3_para206,3,AI_Popular,Semi_Formal_Academic,7.0,16.5,0.0,
chap3_para207,3,AI_Popular,Semi_Formal_Academic,7.0,11.4,0.0,
chap3_para208,3,AI_Popular,Semi_Formal_Academic,7.0,13.0,0.0,
chap3_para209,3,AI_Popular,Semi_Formal_Academic,7.0,12.0,0.0,
chap3_para210,3,AI_Popular,Semi_Formal_Academic,7.0,12.0,0.0,
chap3_para211,3,AI_Popular,Formal_Academic,8.5,25.14,0.006,
chap3_para212,3,AI_Popular,Semi_Formal_Academic,7.0,3.37,0.0,
chap3_para213,3,AI_Popular,Semi_Formal_Academic,7.0,14.0,0.0,
chap3_para214,3,AI_Popular,Semi_Formal_Academic,7.5,18.33,0.0,
chap3_para215,3,AI_Popular,Formal_Academic,8.0,103.0,0.0,
chap3_para216,3,AI_Popular,Formal_Academic,8.0,33.0,0.006,
chap3_para217,3,AI_Popular,Semi_Formal_Academic,7.0,13.0,0.0,
chap3_para218,3,AI_Popular,Semi_Formal_Academic,7.0,10.33,0.032,
chap3_para219,3,AI_Popular,Semi_Formal_Academic,7.0,12.33,0.027,
chap3_para220,3,AI_Popular,Semi_Formal_Academic,7.0,13.2,0.03,
chap3_para221,3,AI_Popular,Semi_Formal_Academic,7.0,13.0,0.033,
chap3_para222,3,AI_Popular,Semi_Formal_Academic,7.0,11.0,0.0,
chap3_para223,3,AI_Popular,Semi_Formal_Academic,7.0,14.0,0.0,
chap3_para224,3,AI_Popular,Semi_Formal_Academic,7.0,6.0,0.0,
chap3_para225,3,AI_Popular,Formal_Academic,8.5,46.14,0.003,
chap3_para226,3,AI_Popular,Formal_Academic,8.0,29.0,0.017,
chap3_para227,3,AI_Popular,Formal_Academic,8.0,27.5,0.0,
chap3_para228,3,AI_Popular,Semi_Formal_Academic,7.0,9.67,0.034,
chap3_para229,3,AI_Popular,Semi_Formal_Academic,7.0,16.67,0.02,
chap3_para230,3,AI_Popular,Semi_Formal_Academic,7.0,19.67,0.017,
chap3_para231,3,AI_Popular,Semi_Formal_Academic,7.0,17.33,0.019,
chap3_para232,3,AI_Popular,Semi_Formal_Academic,7.0,16.33,0.02,
chap3_para233,3,AI_Popular,Semi_Formal_Academic,7.0,18.33,0.018,
chap3_para234,3,AI_Popular,Formal_Academic,8.0,54.0,0.0,
chap3_para235,3,AI_Popular,Formal_Academic,8.0,34.0,0.0,
chap3_para236,3,AI_Popular,Formal_Academic,8.0,42.0,0.0,
chap3_para237,3,AI_Popular,Semi_Formal_Academic,7.0,24.0,0.0,
chap3_para238,3,AI_Popular,Formal_Academic,8.0,38.67,0.009,
chap3_para239,3,AI_Popular,Formal_Academic,8.0,28.0,0.0,
chap3_para240,3,AI_Popular,Formal_Academic,8.0,25.0,0.0,
chap3_para241,3,AI_Popular,Semi_Formal_Academic,7.0,17.75,0.042,
chap3_para242,3,AI_Popular,Formal_Academic,8.0,25.0,0.0,
chap3_para243,3,AI_Popular,Formal_Academic,8.0,27.67,0.0,
chap3_para244,3,AI_Popular,Formal_Academic,8.0,36.0,0.0,
chap3_para245,3,AI_Popular,Formal_Academic,8.5,39.0,0.0,
chap3_para246,3,AI_Popular,Formal_Academic,8.0,40.0,0.0,
chap3_para247,3,AI_Popular,Formal_Academic,8.0,48.0,0.014,
chap3_para248,3,AI_Popular,Formal_Academic,8.0,33.0,0.0,
chap3_para249,3,AI_Popular,Semi_Formal_Academic,7.0,15.0,0.0,
chap3_para250,3,AI_Popular,Formal_Academic,8.0,51.0,0.0,
chap3_para251,3,AI_Popular,Formal_Academic,8.0,25.25,0.0,
chap3_para252,3,AI_Popular,Formal_Academic,8.0,32.0,0.0,
chap3_para253,3,AI_Popular,Formal_Academic,8.0,29.17,0.0,
chap3_para254,3,AI_Popular,Formal_Academic,8.0,60.0,0.0,
chap3_para255,3,AI_Popular,Formal_Academic,8.0,28.83,0.0,
chap3_para256,3,AI_Popular,Semi_Formal_Academic,7.0,17.75,0.014,
chap3_para257,3,AI_Popular,Formal_Academic,8.0,29.33,0.011,
chap3_para258,3,AI_Popular,Formal_Academic,8.0,148.0,0.0,
chap3_para259,3,AI_Popular,Semi_Formal_Academic,7.0,24.0,0.01,
chap3_para260,3,AI_Popular,Formal_Academic,8.0,45.5,0.0,
chap3_para261,3,AI_Popular,Semi_Formal_Academic,7.0,22.0,0.0,
chap3_para262,3,AI_Popular,Formal_Academic,8.0,36.75,0.007,
chap3_para263,3,AI_Popular,Formal_Academic,8.0,28.0,0.0,
chap3_para264,3,AI_Popular,Formal_Academic,8.0,37.0,0.0,
chap3_para265,3,AI_Popular,Semi_Formal_Academic,7.0,15.0,0.0,
chap3_para266,3,AI_Popular,Semi_Formal_Academic,7.0,23.2,0.0,
chap3_para267,3,AI_Popular,Formal_Academic,8.0,35.5,0.0,
chap3_para268,3,AI_Popular,Formal_Academic,8.0,33.5,0.0,
chap3_para269,3,AI_Popular,Formal_Academic,8.0,32.17,0.005,
chap3_para270,3,AI_Popular,Formal_Academic,8.5,29.6,0.0,
chap3_para271,3,AI_Popular,Semi_Formal_Academic,7.0,8.0,0.0,
chap3_para272,3,AI_Popular,Semi_Formal_Academic,7.0,20.0,0.0,
chap3_para273,3,AI_Popular,Semi_Formal_Academic,7.0,23.0,0.0,
chap3_para274,3,AI_Popular,Semi_Formal_Academic,7.0,15.0,0.0,
chap3_para275,3,AI_Popular,Semi_Formal_Academic,7.0,10.0,0.0,
chap3_para276,3,AI_Popular,Formal_Academic,8.0,27.2,0.007,
chap3_para277,3,AI_Popular,Semi_Formal_Academic,7.0,14.0,0.024,
chap3_para278,3,AI_Popular,Semi_Formal_Academic,7.0,18.75,0.027,
chap3_para279,3,AI_Popular,Semi_Formal_Academic,7.0,17.86,0.024,
chap3_para280,3,AI_Popular,Formal_Academic,8.0,27.5,0.036,
chap3_para281,3,AI_Popular,Formal_Academic,8.0,25.67,0.0,
chap3_para282,3,AI_Popular,Semi_Formal_Academic,7.0,20.5,0.0,
chap3_para283,3,AI_Popular,Semi_Formal_Academic,7.5,22.4,0.0,
chap3_para284,3,AI_Popular,Semi_Formal_Academic,7.5,18.88,0.007,
chap3_para285,3,AI_Popular,Formal_Academic,8.0,34.33,0.0,
chap3_para286,3,AI_Popular,Formal_Academic,8.5,27.25,0.009,
chap3_para287,3,AI_Popular,Semi_Formal_Academic,7.0,16.0,0.0,
chap3_para288,3,AI_Popular,Formal_Academic,8.0,61.0,0.016,
chap3_para289,3,AI_Popular,Formal_Academic,8.0,53.0,0.0,
chap3_para290,3,AI_Popular,Formal_Academic,8.0,31.0,0.0,
chap3_para291,3,AI_Popular,Formal_Academic,8.5,62.43,0.0,
chap3_para292,3,AI_Popular,Semi_Formal_Academic,7.0,9.0,0.0,
chap3_para293,3,AI_Popular,Semi_Formal_Academic,7.0,15.27,0.031,
chap3_para294,3,AI_Popular,Formal_Academic,8.0,43.0,0.005,
chap3_para295,3,AI_Popular,Formal_Academic,8.0,25.5,0.007,
chap3_para296,3,AI_Popular,Semi_Formal_Academic,7.0,23.4,0.009,
chap3_para297,3,AI_Popular,Formal_Academic,8.0,26.0,0.0,
chap3_para298,3,AI_Popular,Semi_Formal_Academic,7.0,5.9,0.0,
chap3_para299,3,AI_Popular,Semi_Formal_Academic,7.0,9.0,0.0,
chap3_para300,3,AI_Popular,Formal_Academic,8.0,27.25,0.0,
chap3_para301,3,AI_Popular,Formal_Academic,8.0,28.0,0.0,
chap3_para302,3,AI_Popular,Semi_Formal_Academic,7.0,22.0,0.0,
chap3_para303,3,AI_Popular,Formal_Academic,8.0,29.5,0.0,
chap3_para304,3,AI_Popular,Semi_Formal_Academic,7.0,16.0,0.0,
chap3_para305,3,AI_Popular,Formal_Academic,8.0,33.0,0.0,
chap3_para306,3,AI_Popular,Formal_Academic,8.5,26.5,0.0,
chap3_para307,3,AI_Popular,Formal_Academic,8.0,36.67,0.0,
chap3_para308,3,AI_Popular,Formal_Academic,8.0,37.0,0.0,
chap3_para309,3,AI_Popular,Semi_Formal_Academic,7.0,6.25,0.0,
chap3_para310,3,AI_Popular,Formal_Academic,8.0,28.0,0.0,
chap3_para311,3,AI_Popular,Formal_Academic,8.0,25.89,0.0,
chap3_para312,3,AI_Popular,Semi_Formal_Academic,7.0,20.33,0.0,
chap3_para313,3,AI_Popular,Formal_Academic,8.0,28.2,0.014,
chap3_para314,3,AI_Popular,Formal_Academic,8.0,33.5,0.0,
chap3_para315,3,AI_Popular,Formal_Academic,9.0,31.0,0.0,
chap3_para316,3,AI_Popular,Semi_Formal_Academic,7.0,21.0,0.0,
chap3_para317,3,AI_Popular,Formal_Academic,8.0,67.0,0.0,
chap3_para318,3,AI_Popular,Semi_Formal_Academic,7.0,18.0,0.0,
chap3_para319,3,AI_Popular,Semi_Formal_Academic,7.0,14.0,0.0,
chap3_para320,3,AI_Popular,Semi_Formal_Academic,7.0,16.67,0.02,
chap3_para321,3,AI_Popular,Semi_Formal_Academic,7.0,23.0,0.0,
chap3_para322,3,AI_Popular,Formal_Academic,8.0,30.5,0.0,
chap3_para323,3,AI_Popular,Semi_Formal_Academic,7.0,9.0,0.0,
chap3_para324,3,AI_Popular,Formal_Academic,8.0,30.5,0.0,
chap3_para325,3,AI_Popular,Semi_Formal_Academic,7.5,21.5,0.0,
chap3_para326,3,AI_Popular,Semi_Formal_Academic,7.0,20.0,0.0,
chap3_para327,3,AI_Popular,Semi_Formal_Academic,7.0,15.12,0.017,
chap3_para328,3,AI_Popular,Semi_Formal_Academic,7.0,23.0,0.0,
chap3_para329,3,AI_Popular,Formal_Academic,8.0,32.0,0.013,
chap3_para330,3,AI_Popular,Formal_Academic,8.5,25.5,0.0,
chap3_para331,3,AI_Popular,Semi_Formal_Academic,7.0,24.3,0.008,
chap3_para332,3,AI_Popular,Semi_Formal_Academic,7.0,24.25,0.0,
chap3_para333,3,AI_Popular,Semi_Formal_Academic,7.0,15.12,0.017,
chap3_para334,3,AI_Popular,Semi_Formal_Academic,7.0,16.0,0.0,
chap3_para335,3,AI_Popular,Formal_Academic,8.0,27.0,0.0,
chap3_para336,3,AI_Popular,Formal_Academic,8.0,45.43,0.0,
chap3_para337,3,AI_Popular,Formal_Academic,8.0,39.0,0.0,
chap3_para338,3,AI_Popular,Formal_Academic,8.0,43.8,0.005,
chap3_para339,3,AI_Popular,Formal_Academic,8.0,28.0,0.0,
chap3_para340,3,AI_Popular,Formal_Academic,8.0,53.0,0.0,
chap3_para341,3,AI_Popular,Formal_Academic,8.0,25.62,0.0,
chap3_para342,3,AI_Popular,Semi_Formal_Academic,7.0,22.25,0.0,
chap3_para343,3,AI_Popular,Semi_Formal_Academic,7.0,18.11,0.0,
chap3_para344,3,AI_Popular,Formal_Academic,8.0,25.38,0.0,
chap3_para345,3,AI_Popular,Formal_Academic,8.0,25.0,0.0,
chap3_para346,3,AI_Popular,Formal_Academic,8.0,37.33,0.0,
chap3_para347,3,AI_Popular,Semi_Formal_Academic,7.0,15.0,0.0,
chap3_para348,3,AI_Popular,Formal_Academic,8.0,39.0,0.0,
chap3_para349,3,AI_Popular,Semi_Formal_Academic,7.0,19.0,0.026,
chap3_para350,3,AI_Popular,Formal_Academic,8.0,31.0,0.0,
chap3_para351,3,AI_Popular,Semi_Formal_Academic,7.0,21.0,0.0,
chap3_para352,3,AI_Popular,Semi_Formal_Academic,7.0,15.67,0.0,
chap3_para353,3,AI_Popular,Formal_Academic,8.0,25.0,0.0,
chap3_para354,3,AI_Popular,Semi_Formal_Academic,7.0,24.0,0.0,
chap3_para355,3,AI_Popular,Semi_Formal_Academic,7.0,11.5,0.0,
chap3_para356,3,AI_Popular,Semi_Formal_Academic,7.0,7.0,0.0,
chap3_para357,3,AI_Popular,Semi_Formal_Academic,7.0,23.5,0.0,
chap3_para358,3,AI_Popular,Formal_Academic,8.0,25.0,0.0,
chap3_para359,3,AI_Popular,Semi_Formal_Academic,7.0,19.5,0.0,
chap3_para360,3,AI_Popular,Semi_Formal_Academic,7.0,11.0,0.0,
chap3_para361,3,AI_Popular,Semi_Formal_Academic,7.0,17.67,0.0,
chap3_para362,3,AI_Popular,Semi_Formal_Academic,7.0,14.0,0.0,
chap3_para363,3,AI_Popular,Formal_Academic,8.0,27.0,0.0,
chap3_para364,3,AI_Popular,Formal_Academic,8.0,46.0,0.0,
chap3_para365,3,AI_Popular,Formal_Academic,8.0,34.0,0.0,
chap3_para366,3,AI_Popular,Semi_Formal_Academic,7.0,20.0,0.0,
chap3_para367,3,AI_Popular,Formal_Academic,8.0,27.0,0.0,
chap3_para368,3,AI_Popular,Formal_Academic,8.0,26.5,0.0,
chap3_para369,3,AI_Popular,Formal_Academic,8.0,54.0,0.014,
chap3_para370,3,AI_Popular,Semi_Formal_Academic,7.0,17.33,0.0,
chap3_para371,3,AI_Popular,Semi_Formal_Academic,7.0,18.67,0.0,
chap3_para372,3,AI_Popular,Formal_Academic,8.0,29.5,0.0,
chap3_para373,3,AI_Popular,Semi_Formal_Academic,7.0,24.88,0.01,
chap3_para374,3,AI_Popular,Formal_Academic,8.0,26.0,0.013,
chap3_para375,3,AI_Popular,Formal_Academic,8.0,35.75,0.007,
chap3_para376,3,AI_Popular,Semi_Formal_Academic,7.0,24.0,0.014,
chap3_para377,3,AI_Popular,Formal_Academic,8.0,32.8,0.006,
chap3_para378,3,AI_Popular,Semi_Formal_Academic,7.0,24.0,0.021,
chap3_para379,3,AI_Popular,Formal_Academic,8.0,31.0,0.013,
chap3_para380,3,AI_Popular,Semi_Formal_Academic,7.0,21.0,0.0,
chap3_para381,3,AI_Popular,Formal_Academic,8.0,30.0,0.0,
chap3_para382,3,AI_Popular,Semi_Formal_Academic,7.0,6.0,0.0,
chap3_para383,3,AI_Popular,Semi_Formal_Academic,7.0,14.0,0.036,
chap3_para384,3,AI_Popular,Semi_Formal_Academic,7.0,16.0,0.0,
chap3_para385,3,AI_Popular,Semi_Formal_Academic,7.0,14.0,0.0,
chap3_para386,3,AI_Popular,Formal_Academic,8.0,28.0,0.036,
chap3_para387,3,AI_Popular,Semi_Formal_Academic,7.0,17.25,0.0,
chap3_para388,3,AI_Popular,Semi_Formal_Academic,7.0,13.5,0.0,
chap3_para389,3,AI_Popular,Semi_Formal_Academic,7.0,19.67,0.0,
chap3_para390,3,AI_Popular,Formal_Academic,8.0,32.0,0.0,
chap3_para391,3,AI_Popular,Formal_Academic,8.0,28.6,0.0,
chap3_para392,3,AI_Popular,Semi_Formal_Academic,7.0,4.0,0.0,
chap3_para393,3,AI_Popular,Formal_Academic,8.0,32.0,0.0,
chap3_para394,3,AI_Popular,Semi_Formal_Academic,7.0,10.0,0.0,
chap3_para395,3,AI_Popular,Semi_Formal_Academic,7.0,23.0,0.0,
chap3_para396,3,AI_Popular,Semi_Formal_Academic,7.0,19.5,0.0,
chap3_para397,3,AI_Popular,Semi_Formal_Academic,7.0,16.67,0.02,
chap3_para398,3,AI_Popular,Semi_Formal_Academic,7.0,10.0,0.0,
chap3_para399,3,AI_Popular,Formal_Academic,8.0,28.5,0.0,
chap3_para400,3,AI_Popular,Semi_Formal_Academic,7.0,16.5,0.03,
chap3_para401,3,AI_Popular,Formal_Academic,8.0,39.0,0.0,
chap3_para402,3,AI_Popular,Semi_Formal_Academic,7.0,20.5,0.0,
chap3_para403,3,AI_Popular,Semi_Formal_Academic,7.0,19.0,0.0,
chap3_para404,3,AI_Popular,Formal_Academic,8.0,30.57,0.005,
chap3_para405,3,AI_Popular,Semi_Formal_Academic,7.0,5.0,0.0,
chap3_para406,3,AI_Popular,Formal_Academic,8.0,31.0,0.0,
chap3_para407,3,AI_Popular,Formal_Academic,8.0,49.0,0.0,
chap3_para408,3,AI_Popular,Formal_Academic,8.0,37.0,0.0,
chap3_para409,3,AI_Popular,Semi_Formal_Academic,7.0,22.0,0.0,
chap3_para410,3,AI_Popular,Formal_Academic,8.0,41.5,0.0,
chap3_para411,3,AI_Popular,Formal_Academic,8.0,30.5,0.0,
chap3_para412,3,AI_Popular,Formal_Academic,8.0,25.0,0.0,
chap3_para413,3,AI_Popular,Formal_Academic,8.0,31.0,0.0,
chap3_para414,3,AI_Popular,Formal_Academic,9.0,40.0,0.05,
chap3_para415,3,AI_Popular,Semi_Formal_Academic,7.0,20.0,0.0,
chap3_para416,3,AI_Popular,Semi_Formal_Academic,7.0,18.0,0.0,
chap3_para417,3,AI_Popular,Semi_Formal_Academic,7.0,14.0,0.0,
chap4_para1,4,AI_Popular,Formal_Academic,8.0,25.0,0.0,
chap4_para2,4,AI_Popular,Semi_Formal_Academic,7.0,23.57,0.006,
chap4_para3,4,AI_Popular,Formal_Academic,8.0,33.25,0.0,
chap4_para4,4,AI_Popular,Formal_Academic,8.5,30.67,0.0,
chap4_para5,4,AI_Popular,Formal_Academic,8.0,25.0,0.0,
chap4_para6,4,AI_Popular,Semi_Formal_Academic,7.0,24.5,0.0,
chap4_para7,4,AI_Popular,Semi_Formal_Academic,7.0,18.5,0.02,
chap4_para8,4,AI_Popular,Semi_Formal_Academic,7.0,12.5,0.0,
chap4_para9,4,AI_Popular,Semi_Formal_Academic,7.0,22.33,0.0,
chap4_para10,4,AI_Popular,Semi_Formal_Academic,7.0,22.67,0.0,
chap4_para11,4,AI_Popular,Semi_Formal_Academic,7.0,15.0,0.033,
chap4_para12,4,AI_Popular,Semi_Formal_Academic,7.0,23.0,0.0,
chap4_para13,4,AI_Popular,Semi_Formal_Academic,7.0,17.5,0.0,
chap4_para14,4,AI_Popular,Semi_Formal_Academic,7.0,17.57,0.0,
chap4_para15,4,AI_Popular,Formal_Academic,8.0,29.33,0.006,
chap4_para16,4,AI_Popular,Semi_Formal_Academic,7.0,22.5,0.0,
chap4_para17,4,AI_Popular,Semi_Formal_Academic,7.0,14.5,0.0,
chap4_para18,4,AI_Popular,Semi_Formal_Academic,7.0,14.0,0.0,
chap4_para19,4,AI_Popular,Semi_Formal_Academic,7.0,12.0,0.0,
chap4_para20,4,AI_Popular,Semi_Formal_Academic,7.0,23.0,0.009,
chap4_para21,4,AI_Popular,Formal_Academic,8.0,27.0,0.0,
chap4_para22,4,AI_Popular,Semi_Formal_Academic,7.5,20.33,0.0,
chap4_para23,4,AI_Popular,Semi_Formal_Academic,7.0,9.0,0.0,
chap4_para24,4,AI_Popular,Semi_Formal_Academic,7.0,23.0,0.0,
chap4_para25,4,AI_Popular,Semi_Formal_Academic,7.0,20.5,0.024,
chap4_para26,4,AI_Popular,Formal_Academic,8.0,29.33,0.0,
chap4_para27,4,AI_Popular,Semi_Formal_Academic,7.0,24.2,0.0,
chap4_para28,4,AI_Popular,Formal_Academic,8.0,28.75,0.0,
chap4_para29,4,AI_Popular,Formal_Academic,8.5,30.33,0.0,
chap4_para30,4,AI_Popular,Formal_Academic,8.0,28.14,0.0,
chap4_para31,4,AI_Popular,Semi_Formal_Academic,7.5,23.14,0.012,
chap4_para32,4,AI_Popular,Semi_Formal_Academic,7.0,14.33,0.011,
chap4_para33,4,AI_Popular,Semi_Formal_Academic,7.0,19.5,0.0,
chap4_para34,4,AI_Popular,Semi_Formal_Academic,7.0,14.0,0.036,
chap4_para35,4,AI_Popular,Semi_Formal_Academic,7.0,14.5,0.0,
chap4_para36,4,AI_Popular,Semi_Formal_Academic,7.0,17.67,0.0,
chap4_para37,4,AI_Popular,Formal_Academic,8.0,16.0,0.062,
chap4_para38,4,AI_Popular,Formal_Academic,8.0,45.0,0.0,
chap4_para39,4,AI_Popular,Formal_Academic,8.0,28.33,0.0,
chap4_para40,4,AI_Popular,Formal_Academic,8.0,42.0,0.0,
chap4_para41,4,AI_Popular,Semi_Formal_Academic,7.0,20.67,0.0,
chap4_para42,4,AI_Popular,Semi_Formal_Academic,7.0,22.25,0.0,
chap4_para43,4,AI_Popular,Formal_Academic,8.0,29.5,0.0,
chap4_para44,4,AI_Popular,Formal_Academic,8.0,36.0,0.0,
chap4_para45,4,AI_Popular,Semi_Formal_Academic,7.0,19.5,0.026,
chap4_para46,4,AI_Popular,Semi_Formal_Academic,7.0,24.33,0.0,
chap4_para47,4,AI_Popular,Semi_Formal_Academic,7.0,4.0,0.0,
chap4_para48,4,AI_Popular,Formal_Academic,8.0,26.0,0.008,
chap4_para49,4,AI_Popular,Formal_Academic,8.0,28.71,0.0,
chap4_para50,4,AI_Popular,Semi_Formal_Academic,7.0,20.0,0.017,
chap4_para51,4,AI_Popular,Semi_Formal_Academic,7.0,19.83,0.008,
chap4_para52,4,AI_Popular,Semi_Formal_Academic,7.0,15.0,0.0,
chap4_para53,4,AI_Popular,Semi_Formal_Academic,7.0,12.0,0.0,
chap4_para54,4,AI_Popular,Semi_Formal_Academic,7.0,12.0,0.0,
chap4_para55,4,AI_Popular,Semi_Formal_Academic,7.0,9.33,0.0,
chap4_para56,4,AI_Popular,Semi_Formal_Academic,7.0,11.0,0.0,
chap4_para57,4,AI_Popular,Semi_Formal_Academic,7.0,10.0,0.0,
chap4_para58,4,AI_Popular,Semi_Formal_Academic,7.0,8.33,0.0,
chap4_para59,4,AI_Popular,Semi_Formal_Academic,7.0,9.0,0.0,
chap4_para60,4,AI_Popular,Semi_Formal_Academic,7.0,9.0,0.0,
chap4_para61,4,AI_Popular,Semi_Formal_Academic,7.0,23.62,0.005,
chap4_para62,4,AI_Popular,Semi_Formal_Academic,7.0,11.0,0.0,
chap4_para63,4,AI_Popular,Semi_Formal_Academic,7.0,16.6,0.008,
chap4_para64,4,AI_Popular,Semi_Formal_Academic,7.0,20.5,0.0,
chap4_para65,4,AI_Popular,Formal_Academic,8.0,28.0,0.0,
chap4_para66,4,AI_Popular,Formal_Academic,8.0,28.5,0.0,
chap4_para67,4,AI_Popular,Formal_Academic,8.0,31.5,0.016,
chap4_para68,4,AI_Popular,Formal_Academic,8.0,29.25,0.017,
chap4_para69,4,AI_Popular,Formal_Academic,8.5,35.33,0.0,
chap4_para70,4,AI_Popular,Semi_Formal_Academic,7.0,22.67,0.015,
chap4_para71,4,AI_Popular,Formal_Academic,8.0,38.0,0.0,
chap4_para72,4,AI_Popular,Semi_Formal_Academic,7.0,21.2,0.0,
chap4_para73,4,AI_Popular,Formal_Academic,8.0,42.5,0.0,
chap4_para74,4,AI_Popular,Formal_Academic,8.0,37.0,0.0,
chap4_para75,4,AI_Popular,Semi_Formal_Academic,7.0,22.5,0.0,
chap4_para76,4,AI_Popular,Formal_Academic,8.0,25.0,0.0,
chap4_para77,4,AI_Popular,Formal_Academic,8.0,26.3,0.004,
chap4_para78,4,AI_Popular,Formal_Academic,8.5,37.5,0.0,
chap4_para79,4,AI_Popular,Formal_Academic,8.0,25.38,0.0,
chap4_para80,4,AI_Popular,Formal_Academic,8.0,27.75,0.0,
chap4_para81,4,AI_Popular,Formal_Academic,8.5,25.6,0.0,
chap4_para82,4,AI_Popular,Semi_Formal_Academic,7.0,24.83,0.0,
chap4_para83,4,AI_Popular,Semi_Formal_Academic,7.0,23.0,0.0,
chap4_para84,4,AI_Popular,Formal_Academic,8.0,49.0,0.0,
chap4_para85,4,AI_Popular,Formal_Academic,8.5,34.0,0.0,
chap4_para86,4,AI_Popular,Semi_Formal_Academic,7.5,17.33,0.0,
chap4_para87,4,AI_Popular,Semi_Formal_Academic,7.0,19.67,0.017,
chap4_para88,4,AI_Popular,Semi_Formal_Academic,7.0,24.5,0.0,
chap4_para89,4,AI_Popular,Formal_Academic,8.5,31.0,0.0,
chap4_para90,4,AI_Popular,Formal_Academic,8.5,68.0,0.0,
chap4_para91,4,AI_Popular,Formal_Academic,8.0,31.0,0.0,
chap4_para92,4,AI_Popular,Formal_Academic,8.0,28.5,0.0,
chap4_para93,4,AI_Popular,Semi_Formal_Academic,7.0,17.0,0.0,
chap4_para94,4,AI_Popular,Semi_Formal_Academic,7.0,20.0,0.0,
chap4_para95,4,AI_Popular,Formal_Academic,8.0,27.0,0.0,
chap4_para96,4,AI_Popular,Semi_Formal_Academic,7.0,16.0,0.0,
chap4_para97,4,AI_Popular,Formal_Academic,8.0,53.0,0.0,
chap4_para98,4,AI_Popular,Semi_Formal_Academic,7.0,23.0,0.0,
chap4_para99,4,AI_Popular,Semi_Formal_Academic,7.0,19.56,0.006,
chap4_para100,4,AI_Popular,Semi_Formal_Academic,7.0,22.14,0.0,
chap4_para101,4,AI_Popular,Semi_Formal_Academic,7.0,15.75,0.0,
chap4_para102,4,AI_Popular,Formal_Academic,8.0,40.0,0.0,
chap4_para103,4,AI_Popular,Formal_Academic,8.0,31.67,0.0,
chap4_para104,4,AI_Popular,Semi_Formal_Academic,7.0,24.17,0.002,
chap4_para105,4,AI_Popular,Semi_Formal_Academic,7.0,17.5,0.0,
chap4_para106,4,AI_Popular,Formal_Academic,8.0,25.0,0.0,
chap4_para107,4,AI_Popular,Formal_Academic,8.5,28.92,0.0,
chap4_para108,4,AI_Popular,Semi_Formal_Academic,7.0,20.5,0.0,
chap4_para109,4,AI_Popular,Formal_Academic,8.0,90.0,0.0,
chap4_para110,4,AI_Popular,Formal_Academic,8.0,26.8,0.007,
chap4_para111,4,AI_Popular,Formal_Academic,8.0,34.5,0.029,
chap4_para112,4,AI_Popular,Formal_Academic,8.0,29.0,0.0,
chap4_para113,4,AI_Popular,Formal_Academic,8.0,31.83,0.005,
chap4_para114,4,AI_Popular,Semi_Formal_Academic,7.0,23.57,0.006,
chap4_para115,4,AI_Popular,Semi_Formal_Academic,7.0,19.0,0.0,
chap4_para116,4,AI_Popular,Semi_Formal_Academic,7.5,17.0,0.0,
chap4_para117,4,AI_Popular,Formal_Academic,8.0,28.25,0.0,
chap4_para118,4,AI_Popular,Formal_Academic,8.0,28.0,0.0,
chap4_para119,4,AI_Popular,Formal_Academic,8.0,35.33,0.0,
chap4_para120,4,AI_Popular,Formal_Academic,8.0,28.5,0.0,
chap4_para121,4,AI_Popular,Formal_Academic,8.0,64.0,0.0,
chap4_para122,4,AI_Popular,Formal_Academic,8.0,105.0,0.0,
chap4_para123,4,AI_Popular,Formal_Academic,8.0,27.17,0.0,
chap4_para124,4,AI_Popular,Semi_Formal_Academic,7.0,23.0,0.0,
chap4_para125,4,AI_Popular,Semi_Formal_Academic,7.0,21.0,0.0,
chap4_para126,4,AI_Popular,Semi_Formal_Academic,7.0,21.0,0.0,
chap4_para127,4,AI_Popular,Semi_Formal_Academic,7.0,19.33,0.0,
chap4_para128,4,AI_Popular,Semi_Formal_Academic,7.0,15.5,0.0,
chap4_para129,4,AI_Popular,Semi_Formal_Academic,7.0,16.0,0.0,
chap4_para130,4,AI_Popular,Formal_Academic,8.0,27.33,0.004,
chap4_para131,4,AI_Popular,Semi_Formal_Academic,7.0,16.0,0.0,
chap4_para132,4,AI_Popular,Semi_Formal_Academic,7.0,21.0,0.0,
chap4_para133,4,AI_Popular,Formal_Academic,8.0,28.25,0.0,
chap4_para134,4,AI_Popular,Formal_Academic,8.5,35.33,0.0,
chap4_para135,4,AI_Popular,Formal_Academic,8.0,29.67,0.011,
chap4_para136,4,AI_Popular,Formal_Academic,8.0,24.5,0.0,
chap4_para137,4,AI_Popular,Formal_Academic,8.0,25.5,0.0,
chap4_para138,4,AI_Popular,Semi_Formal_Academic,7.0,13.0,0.0,
chap4_para139,4,AI_Popular,Formal_Academic,8.0,35.25,0.0,
chap4_para140,4,AI_Popular,Formal_Academic,8.0,65.0,0.0,
chap4_para141,4,AI_Popular,Formal_Academic,8.0,40.0,0.0,
chap4_para142,4,AI_Popular,Semi_Formal_Academic,7.0,19.25,0.0,
chap4_para143,4,AI_Popular,Formal_Academic,8.0,27.0,0.0,
chap4_para144,4,AI_Popular,Semi_Formal_Academic,7.0,22.2,0.009,
chap4_para145,4,AI_Popular,Semi_Formal_Academic,7.0,16.75,0.015,
chap4_para146,4,AI_Popular,Formal_Academic,8.0,45.67,0.015,
chap4_para147,4,AI_Popular,Formal_Academic,8.0,44.0,0.0,
chap4_para148,4,AI_Popular,Formal_Academic,8.0,50.0,0.0,
chap4_para149,4,AI_Popular,Formal_Academic,8.0,34.5,0.0,
chap4_para150,4,AI_Popular,Formal_Academic,8.5,32.67,0.0,
chap4_para151,4,AI_Popular,Formal_Academic,8.0,62.0,0.0,
chap4_para152,4,AI_Popular,Formal_Academic,8.0,28.5,0.0,
chap4_para153,4,AI_Popular,Semi_Formal_Academic,7.0,18.14,0.016,
chap4_para154,4,AI_Popular,Formal_Academic,8.0,29.0,0.0,
chap4_para155,4,AI_Popular,Formal_Academic,8.0,40.0,0.0,
chap4_para156,4,AI_Popular,Formal_Academic,8.0,26.5,0.0,
chap4_para157,4,AI_Popular,Formal_Academic,8.0,27.67,0.0,
chap4_para158,4,AI_Popular,Formal_Academic,8.0,30.0,0.0,
chap4_para159,4,AI_Popular,Formal_Academic,8.0,39.0,0.0,
chap4_para160,4,AI_Popular,Semi_Formal_Academic,7.0,13.0,0.0,
chap4_para161,4,AI_Popular,Semi_Formal_Academic,7.0,22.33,0.0,
chap4_para162,4,AI_Popular,Semi_Formal_Academic,7.0,16.75,0.0,
chap4_para163,4,AI_Popular,Semi_Formal_Academic,7.0,18.0,0.0,
chap4_para164,4,AI_Popular,Semi_Formal_Academic,7.0,20.5,0.0,
chap4_para165,4,AI_Popular,Formal_Academic,8.0,30.0,0.008,
chap4_para166,4,AI_Popular,Formal_Academic,8.0,29.2,0.014,
chap4_para167,4,AI_Popular,Semi_Formal_Academic,7.0,15.33,0.022,
chap4_para168,4,AI_Popular,Formal_Academic,8.0,34.5,0.0,
chap4_para169,4,AI_Popular,Semi_Formal_Academic,7.0,21.33,0.0,
chap4_para170,4,AI_Popular,Formal_Academic,8.0,28.0,0.0,
chap4_para171,4,AI_Popular,Formal_Academic,8.0,30.25,0.0,
chap4_para172,4,AI_Popular,Formal_Academic,8.0,33.67,0.0,
chap4_para173,4,AI_Popular,Formal_Academic,8.0,26.0,0.0,
chap4_para174,4,AI_Popular,Formal_Academic,8.0,25.6,0.0,
chap4_para175,4,AI_Popular,Formal_Academic,8.0,32.0,0.0,
chap4_para176,4,AI_Popular,Formal_Academic,8.5,26.0,0.01,
chap4_para177,4,AI_Popular,Formal_Academic,8.0,35.67,0.009,
chap4_para178,4,AI_Popular,Semi_Formal_Academic,7.0,13.0,0.0,
chap4_para179,4,AI_Popular,Formal_Academic,8.0,26.0,0.0,
chap4_para180,4,AI_Popular,Formal_Academic,8.0,41.5,0.0,
chap4_para181,4,AI_Popular,Semi_Formal_Academic,7.0,14.5,0.011,
chap4_para182,4,AI_Popular,Semi_Formal_Academic,7.0,12.0,0.0,
chap4_para183,4,AI_Popular,Formal_Academic,8.0,29.0,0.0,
chap4_para184,4,AI_Popular,Semi_Formal_Academic,7.0,21.0,0.01,
chap4_para185,4,AI_Popular,Semi_Formal_Academic,7.0,20.67,0.0,
chap4_para186,4,AI_Popular,Formal_Academic,8.5,28.25,0.0,
chap4_para187,4,AI_Popular,Semi_Formal_Academic,7.0,18.5,0.027,
chap4_para188,4,AI_Popular,Semi_Formal_Academic,7.0,15.0,0.044,
chap4_para189,4,AI_Popular,Semi_Formal_Academic,7.0,15.33,0.043,
chap4_para190,4,AI_Popular,Semi_Formal_Academic,7.0,15.33,0.043,
chap4_para191,4,AI_Popular,Semi_Formal_Academic,7.0,15.33,0.043,
chap4_para192,4,AI_Popular,Semi_Formal_Academic,7.0,22.25,0.0,
chap4_para193,4,AI_Popular,Formal_Academic,8.0,28.5,0.0,
chap4_para194,4,AI_Popular,Formal_Academic,8.0,29.33,0.0,
chap4_para195,4,AI_Popular,Formal_Academic,8.0,33.25,0.0,
chap4_para196,4,AI_Popular,Formal_Academic,8.0,25.33,0.0,
chap4_para197,4,AI_Popular,Semi_Formal_Academic,7.0,22.11,0.0,
chap4_para198,4,AI_Popular,Semi_Formal_Academic,7.0,17.5,0.0,
chap4_para199,4,AI_Popular,Formal_Academic,8.0,32.5,0.0,
chap4_para200,4,AI_Popular,Semi_Formal_Academic,7.0,22.5,0.0,
chap4_para201,4,AI_Popular,Semi_Formal_Academic,7.5,22.25,0.0,
chap4_para202,4,AI_Popular,Formal_Academic,8.0,25.33,0.0,
chap4_para203,4,AI_Popular,Semi_Formal_Academic,7.0,13.0,0.0,
chap4_para204,4,AI_Popular,Formal_Academic,8.0,35.0,0.014,
chap4_para205,4,AI_Popular,Semi_Formal_Academic,7.0,20.0,0.0,
chap4_para206,4,AI_Popular,Semi_Formal_Academic,7.0,24.0,0.0,
chap4_para207,4,AI_Popular,Formal_Academic,8.0,28.0,0.036,
chap4_para208,4,AI_Popular,Formal_Academic,8.0,29.2,0.0,
chap4_para209,4,AI_Popular,Semi_Formal_Academic,7.0,21.67,0.015,
chap4_para210,4,AI_Popular,Formal_Academic,8.0,36.33,0.0,
chap4_para211,4,AI_Popular,Semi_Formal_Academic,7.0,24.4,0.008,
chap4_para212,4,AI_Popular,Formal_Academic,8.0,30.0,0.0,
chap4_para213,4,AI_Popular,Semi_Formal_Academic,7.5,23.0,0.009,
chap4_para214,4,AI_Popular,Formal_Academic,8.0,26.8,0.0,
chap4_para215,4,AI_Popular,Formal_Academic,8.0,44.33,0.0,
chap4_para216,4,AI_Popular,Semi_Formal_Academic,7.0,22.5,0.0,
chap4_para217,4,AI_Popular,Semi_Formal_Academic,7.0,12.33,0.0,
chap4_para218,4,AI_Popular,Formal_Academic,8.0,25.8,0.0,
chap4_para219,4,AI_Popular,Semi_Formal_Academic,7.0,22.0,0.0,
chap4_para220,4,AI_Popular,Semi_Formal_Academic,7.0,23.0,0.0,
chap4_para221,4,AI_Popular,Semi_Formal_Academic,7.0,13.0,0.0,
chap4_para222,4,AI_Popular,Formal_Academic,8.0,40.5,0.0,
chap4_para223,4,AI_Popular,Semi_Formal_Academic,7.0,17.0,0.029,
chap4_para224,4,AI_Popular,Formal_Academic,8.0,26.0,0.0,
chap4_para225,4,AI_Popular,Semi_Formal_Academic,7.0,24.0,0.0,
chap4_para226,4,AI_Popular,Semi_Formal_Academic,7.0,22.0,0.0,
chap4_para227,4,AI_Popular,Semi_Formal_Academic,7.0,18.0,0.0,
chap4_para228,4,AI_Popular,Semi_Formal_Academic,7.0,20.83,0.008,
chap4_para229,4,AI_Popular,Formal_Academic,8.0,28.0,0.036,
chap4_para230,4,AI_Popular,Semi_Formal_Academic,7.0,11.0,0.0,
chap4_para231,4,AI_Popular,Formal_Academic,8.0,26.5,0.0,
chap4_para232,4,AI_Popular,Formal_Academic,8.0,32.5,0.0,
chap4_para233,4,AI_Popular,Semi_Formal_Academic,7.0,15.8,0.0,
chap4_para234,4,AI_Popular,Formal_Academic,8.0,27.33,0.0,
chap4_para235,4,AI_Popular,Semi_Formal_Academic,7.0,10.0,0.0,
chap4_para236,4,AI_Popular,Formal_Academic,8.0,26.0,0.038,
chap4_para237,4,AI_Popular,Semi_Formal_Academic,7.0,15.5,0.0,
chap4_para238,4,AI_Popular,Semi_Formal_Academic,7.0,22.0,0.0,
chap4_para239,4,AI_Popular,Semi_Formal_Academic,7.0,14.0,0.0,
chap4_para240,4,AI_Popular,Formal_Academic,8.0,51.0,0.0,
chap4_para241,4,AI_Popular,Semi_Formal_Academic,7.0,24.0,0.0,
chap4_para242,4,AI_Popular,Formal_Academic,8.0,45.0,0.0,
chap4_para243,4,AI_Popular,Formal_Academic,8.0,35.0,0.0,
chap4_para244,4,AI_Popular,Formal_Academic,8.0,26.0,0.0,
chap4_para245,4,AI_Popular,Formal_Academic,8.0,37.33,0.0,
chap4_para246,4,AI_Popular,Formal_Academic,8.0,26.75,0.009,
chap4_para247,4,AI_Popular,Formal_Academic,8.0,37.0,0.0,
chap4_para248,4,AI_Popular,Formal_Academic,8.0,38.25,0.0,
chap4_para249,4,AI_Popular,Formal_Academic,8.0,25.0,0.0,
chap4_para250,4,AI_Popular,Formal_Academic,8.0,44.0,0.023,
chap4_para251,4,AI_Popular,Semi_Formal_Academic,7.0,7.67,0.0,
chap4_para252,4,AI_Popular,Semi_Formal_Academic,7.0,16.0,0.0,
chap4_para253,4,AI_Popular,Formal_Academic,8.0,29.0,0.0,
chap4_para254,4,AI_Popular,Semi_Formal_Academic,7.0,22.5,0.0,
chap4_para255,4,AI_Popular,Semi_Formal_Academic,7.0,4.0,0.0,
chap4_para256,4,AI_Popular,Formal_Academic,8.0,29.5,0.017,
chap4_para257,4,AI_Popular,Formal_Academic,8.0,26.0,0.0,
chap4_para258,4,AI_Popular,Formal_Academic,8.0,39.0,0.0,
chap4_para259,4,AI_Popular,Formal_Academic,8.0,27.75,0.0,
chap4_para260,4,AI_Popular,Semi_Formal_Academic,7.0,22.0,0.023,
chap4_para261,4,AI_Popular,Semi_Formal_Academic,7.0,18.5,0.027,
chap4_para262,4,AI_Popular,Semi_Formal_Academic,7.0,19.5,0.026,
chap4_para263,4,AI_Popular,Formal_Academic,8.0,26.67,0.013,
chap4_para264,4,AI_Popular,Semi_Formal_Academic,7.0,23.71,0.006,
chap4_para265,4,AI_Popular,Semi_Formal_Academic,7.0,19.0,0.0,
chap4_para266,4,AI_Popular,Formal_Academic,8.0,32.5,0.015,
chap4_para267,4,AI_Popular,Semi_Formal_Academic,7.0,14.33,0.0,
chap4_para268,4,AI_Popular,Formal_Academic,8.0,25.0,0.0,
chap4_para269,4,AI_Popular,Semi_Formal_Academic,7.0,24.0,0.0,
chap4_para270,4,AI_Popular,Semi_Formal_Academic,7.0,5.0,0.0,
chap4_para271,4,AI_Popular,Formal_Academic,8.0,27.0,0.0,
chap4_para272,4,AI_Popular,Semi_Formal_Academic,7.0,20.0,0.0,
chap4_para273,4,AI_Popular,Formal_Academic,8.0,40.0,0.0,
chap4_para274,4,AI_Popular,Formal_Academic,8.0,28.5,0.0,
chap4_para275,4,AI_Popular,Semi_Formal_Academic,7.0,18.0,0.0,
chap4_para276,4,AI_Popular,Semi_Formal_Academic,7.0,18.0,0.0,
chap4_para277,4,AI_Popular,Semi_Formal_Academic,7.0,19.0,0.0,
chap4_para278,4,AI_Popular,Formal_Academic,8.0,29.0,0.023,
chap5_para1,5,AI_Popular,Formal_Academic,8.0,31.0,0.0,
chap5_para2,5,AI_Popular,Formal_Academic,8.0,30.33,0.0,
chap5_para3,5,AI_Popular,Semi_Formal_Academic,7.0,21.33,0.031,
chap5_para4,5,AI_Popular,Semi_Formal_Academic,7.0,22.67,0.0,
chap5_para5,5,AI_Popular,Formal_Academic,8.0,42.0,0.0,
chap5_para6,5,AI_Popular,Semi_Formal_Academic,7.0,22.0,0.0,
chap5_para7,5,AI_Popular,Semi_Formal_Academic,7.0,13.0,0.0,
chap5_para8,5,AI_Popular,Formal_Academic,8.0,34.67,0.0,
chap5_para9,5,AI_Popular,Semi_Formal_Academic,7.0,23.0,0.017,
chap5_para10,5,AI_Popular,Formal_Academic,8.0,26.5,0.0,
chap5_para11,5,AI_Popular,Formal_Academic,8.0,19.0,0.053,
chap5_para12,5,AI_Popular,Semi_Formal_Academic,7.0,15.5,0.032,
chap5_para13,5,AI_Popular,Formal_Academic,8.0,31.67,0.011,
chap5_para14,5,AI_Popular,Formal_Academic,8.0,32.0,0.01,
chap5_para15,5,AI_Popular,Semi_Formal_Academic,7.0,9.18,0.026,
chap5_para16,5,AI_Popular,Semi_Formal_Academic,7.0,15.0,0.0,
chap5_para17,5,AI_Popular,Semi_Formal_Academic,7.0,23.0,0.0,
chap5_para18,5,AI_Popular,Formal_Academic,8.0,33.0,0.0,
chap5_para19,5,AI_Popular,Formal_Academic,8.0,110.0,0.0,
chap5_para20,5,AI_Popular,Formal_Academic,8.0,65.0,0.0,
chap5_para21,5,AI_Popular,Semi_Formal_Academic,7.0,23.5,0.0,
chap5_para22,5,AI_Popular,Formal_Academic,8.0,25.67,0.0,
chap5_para23,5,AI_Popular,Semi_Formal_Academic,7.5,16.67,0.0,
chap5_para24,5,AI_Popular,Semi_Formal_Academic,7.0,23.17,0.007,
chap5_para25,5,AI_Popular,Formal_Academic,8.0,84.5,0.0,
chap5_para26,5,AI_Popular,Formal_Academic,8.0,72.5,0.0,
chap5_para27,5,AI_Popular,Formal_Academic,8.0,172.0,0.0,
chap5_para28,5,AI_Popular,Formal_Academic,8.0,42.5,0.0,
chap5_para29,5,AI_Popular,Semi_Formal_Academic,7.0,17.0,0.0,
chap5_para30,5,AI_Popular,Semi_Formal_Academic,7.0,18.25,0.0,
chap5_para31,5,AI_Popular,Formal_Academic,8.0,25.0,0.0,
chap5_para32,5,AI_Popular,Formal_Academic,8.0,27.5,0.0,
chap5_para33,5,AI_Popular,Formal_Academic,8.0,25.6,0.0,
chap5_para34,5,AI_Popular,Semi_Formal_Academic,7.0,23.0,0.0,
chap5_para35,5,AI_Popular,Semi_Formal_Academic,7.0,21.43,0.0,
chap5_para36,5,AI_Popular,Semi_Formal_Academic,7.0,24.0,0.0,
chap5_para37,5,AI_Popular,Semi_Formal_Academic,7.0,22.5,0.011,
chap5_para38,5,AI_Popular,Semi_Formal_Academic,7.0,21.62,0.023,
chap5_para39,5,AI_Popular,Formal_Academic,8.0,27.75,0.0,
chap5_para40,5,AI_Popular,Formal_Academic,8.0,39.67,0.0,
chap5_para41,5,AI_Popular,Semi_Formal_Academic,7.0,6.0,0.0,
chap5_para42,5,AI_Popular,Formal_Academic,8.0,34.33,0.0,
chap5_para43,5,AI_Popular,Formal_Academic,8.0,71.67,0.0,
chap5_para44,5,AI_Popular,Semi_Formal_Academic,7.5,17.75,0.0,
chap5_para45,5,AI_Popular,Semi_Formal_Academic,7.0,23.8,0.0,
chap5_para46,5,AI_Popular,Semi_Formal_Academic,7.0,19.25,0.0,
chap5_para47,5,AI_Popular,Formal_Academic,8.0,25.83,0.006,
chap5_para48,5,AI_Popular,Semi_Formal_Academic,7.0,24.0,0.0,
chap5_para49,5,AI_Popular,Formal_Academic,8.0,36.67,0.0,
chap5_para50,5,AI_Popular,Semi_Formal_Academic,7.0,21.75,0.0,
chap5_para51,5,AI_Popular,Formal_Academic,8.0,29.2,0.0,
chap5_para52,5,AI_Popular,Formal_Academic,8.0,37.5,0.0,
chap5_para53,5,AI_Popular,Semi_Formal_Academic,7.0,19.0,0.0,
chap5_para54,5,AI_Popular,Semi_Formal_Academic,7.0,24.67,0.007,
chap5_para55,5,AI_Popular,Formal_Academic,8.0,29.58,0.014,
chap5_para56,5,AI_Popular,Semi_Formal_Academic,7.0,21.33,0.016,
chap5_para57,5,AI_Popular,Semi_Formal_Academic,7.0,22.75,0.0,
chap5_para58,5,AI_Popular,Formal_Academic,8.0,26.0,0.0,
chap5_para59,5,AI_Popular,Semi_Formal_Academic,7.0,17.5,0.0,
chap5_para60,5,AI_Popular,Semi_Formal_Academic,7.0,20.0,0.0,
chap5_para61,5,AI_Popular,Formal_Academic,8.0,52.0,0.0,
chap5_para62,5,AI_Popular,Semi_Formal_Academic,7.5,20.57,0.0,
chap5_para63,5,AI_Popular,Semi_Formal_Academic,7.0,20.4,0.0,
chap5_para64,5,AI_Popular,Formal_Academic,8.0,26.67,0.0,
chap5_para65,5,AI_Popular,Semi_Formal_Academic,7.0,18.25,0.0,
chap5_para66,5,AI_Popular,Formal_Academic,8.0,31.0,0.0,
chap5_para67,5,AI_Popular,Semi_Formal_Academic,7.0,24.0,0.014,
chap5_para68,5,AI_Popular,Semi_Formal_Academic,7.0,24.0,0.008,
chap5_para69,5,AI_Popular,Formal_Academic,8.0,28.17,0.0,
chap5_para70,5,AI_Popular,Formal_Academic,8.0,32.0,0.0,
chap5_para71,5,AI_Popular,Semi_Formal_Academic,7.0,23.5,0.0,
chap5_para72,5,AI_Popular,Formal_Academic,8.0,28.0,0.0,
chap5_para73,5,AI_Popular,Semi_Formal_Academic,7.0,22.0,0.011,
chap5_para74,5,AI_Popular,Semi_Formal_Academic,7.0,23.0,0.0,
chap5_para75,5,AI_Popular,Formal_Academic,8.0,49.56,0.0,
chap5_para76,5,AI_Popular,Formal_Academic,8.0,25.33,0.0,
chap5_para77,5,AI_Popular,Formal_Academic,8.0,27.5,0.0,
chap5_para78,5,AI_Popular,Formal_Academic,8.0,20.33,0.057,
chap5_para79,5,AI_Popular,Semi_Formal_Academic,7.0,16.0,0.0,
chap5_para80,5,AI_Popular,Formal_Academic,8.0,27.0,0.0,
chap5_para81,5,AI_Popular,Formal_Academic,8.5,29.8,0.0,
chap5_para82,5,AI_Popular,Formal_Academic,8.0,26.8,0.0,
chap5_para83,5,AI_Popular,Semi_Formal_Academic,7.0,21.67,0.0,
chap5_para84,5,AI_Popular,Semi_Formal_Academic,7.0,22.43,0.0,
chap5_para85,5,AI_Popular,Semi_Formal_Academic,7.5,19.5,0.0,
chap5_para86,5,AI_Popular,Semi_Formal_Academic,7.0,22.5,0.0,
chap5_para87,5,AI_Popular,Semi_Formal_Academic,7.0,22.8,0.018,
chap5_para88,5,AI_Popular,Semi_Formal_Academic,7.0,10.6,0.0,
chap5_para89,5,AI_Popular,Semi_Formal_Academic,7.0,21.2,0.019,
chap5_para90,5,AI_Popular,Semi_Formal_Academic,7.0,7.12,0.0,
chap5_para91,5,AI_Popular,Semi_Formal_Academic,7.0,16.0,0.0,
chap5_para92,5,AI_Popular,Formal_Academic,8.0,32.0,0.0,
chap5_para93,5,AI_Popular,Formal_Academic,8.0,45.0,0.0,
chap5_para94,5,AI_Popular,Semi_Formal_Academic,7.0,20.0,0.0,
chap5_para95,5,AI_Popular,Semi_Formal_Academic,7.0,15.0,0.0,
chap5_para96,5,AI_Popular,Semi_Formal_Academic,7.0,15.0,0.0,
chap5_para97,5,AI_Popular,Formal_Academic,8.0,33.0,0.0,
chap5_para98,5,AI_Popular,Semi_Formal_Academic,7.0,21.2,0.009,
chap5_para99,5,AI_Popular,Formal_Academic,8.0,29.0,0.009,
chap5_para100,5,AI_Popular,Formal_Academic,8.0,26.33,0.006,
chap5_para101,5,AI_Popular,Semi_Formal_Academic,7.5,18.14,0.0,
chap5_para102,5,AI_Popular,Semi_Formal_Academic,7.5,23.0,0.0,
chap5_para103,5,AI_Popular,Formal_Academic,8.0,31.5,0.0,
chap5_para104,5,AI_Popular,Formal_Academic,9.0,29.5,0.051,
chap5_para105,5,AI_Popular,Formal_Academic,8.0,25.6,0.0,
chap5_para106,5,AI_Popular,Semi_Formal_Academic,7.0,12.75,0.007,
chap5_para107,5,AI_Popular,Semi_Formal_Academic,7.0,14.18,0.019,
chap5_para108,5,AI_Popular,Semi_Formal_Academic,7.0,12.57,0.011,backpropagation
chap5_para109,5,AI_Popular,Semi_Formal_Academic,7.0,13.0,0.0,
chap5_para110,5,AI_Popular,Formal_Academic,8.0,23.0,0.072,
chap5_para111,5,AI_Popular,Semi_Formal_Academic,7.0,23.5,0.0,
chap5_para112,5,AI_Popular,Semi_Formal_Academic,7.0,19.0,0.0,
chap5_para113,5,AI_Popular,Formal_Academic,8.0,40.25,0.006,
chap5_para114,5,AI_Popular,Semi_Formal_Academic,7.0,23.33,0.029,
chap5_para115,5,AI_Popular,Semi_Formal_Academic,7.0,20.6,0.0,
chap5_para116,5,AI_Popular,Formal_Academic,8.0,27.5,0.006,
chap5_para117,5,AI_Popular,Formal_Academic,8.0,37.0,0.009,
chap5_para118,5,AI_Popular,Formal_Academic,8.0,32.0,0.0,
chap5_para119,5,AI_Popular,Formal_Academic,8.5,25.75,0.005,
chap5_para120,5,AI_Popular,Formal_Academic,8.0,26.33,0.013,
chap5_para121,5,AI_Popular,Semi_Formal_Academic,7.5,22.71,0.0,
chap5_para122,5,AI_Popular,Formal_Academic,8.0,34.75,0.0,
chap5_para123,5,AI_Popular,Semi_Formal_Academic,7.0,24.33,0.0,
chap5_para124,5,AI_Popular,Semi_Formal_Academic,7.0,22.33,0.015,
chap5_para125,5,AI_Popular,Formal_Academic,8.0,30.0,0.0,
chap5_para126,5,AI_Popular,Semi_Formal_Academic,7.0,16.5,0.0,
chap5_para127,5,AI_Popular,Formal_Academic,8.0,28.17,0.0,
chap5_para128,5,AI_Popular,Semi_Formal_Academic,7.0,7.57,0.0,
chap5_para129,5,AI_Popular,Semi_Formal_Academic,7.0,15.5,0.0,
chap5_para130,5,AI_Popular,Formal_Academic,8.0,25.0,0.0,
chap5_para131,5,AI_Popular,Semi_Formal_Academic,7.0,19.87,0.023,
chap5_para132,5,AI_Popular,Semi_Formal_Academic,7.0,20.33,0.0,
chap5_para133,5,AI_Popular,Semi_Formal_Academic,7.0,20.12,0.0,
chap5_para134,5,AI_Popular,Semi_Formal_Academic,7.0,20.5,0.0,
chap5_para135,5,AI_Popular,Semi_Formal_Academic,7.0,22.8,0.009,
chap5_para136,5,AI_Popular,Semi_Formal_Academic,7.0,20.17,0.0,
chap5_para137,5,AI_Popular,Formal_Academic,8.0,28.5,0.0,
chap5_para138,5,AI_Popular,Formal_Academic,8.0,29.0,0.0,
chap5_para139,5,AI_Popular,Formal_Academic,8.0,35.0,0.0,
chap5_para140,5,AI_Popular,Semi_Formal_Academic,7.0,21.88,0.0,
chap5_para141,5,AI_Popular,Semi_Formal_Academic,7.0,15.5,0.0,
chap5_para142,5,AI_Popular,Formal_Academic,8.0,29.0,0.017,
chap5_para143,5,AI_Popular,Semi_Formal_Academic,7.0,23.0,0.022,
chap5_para144,5,AI_Popular,Formal_Academic,8.0,26.17,0.0,
chap5_para145,5,AI_Popular,Semi_Formal_Academic,7.0,13.0,0.0,
chap5_para146,5,AI_Popular,Semi_Formal_Academic,7.0,14.07,0.014,
chap5_para147,5,AI_Popular,Semi_Formal_Academic,7.0,14.07,0.014,
chap5_para148,5,AI_Popular,Semi_Formal_Academic,7.0,14.67,0.0,
chap5_para149,5,AI_Popular,Semi_Formal_Academic,7.0,20.5,0.0,
chap5_para150,5,AI_Popular,Semi_Formal_Academic,7.0,9.71,0.0,
chap5_para151,5,AI_Popular,Semi_Formal_Academic,7.0,8.71,0.0,
chap5_para152,5,AI_Popular,Semi_Formal_Academic,7.0,7.17,0.0,
chap5_para153,5,AI_Popular,Semi_Formal_Academic,7.0,6.2,0.0,
chap5_para154,5,AI_Popular,Semi_Formal_Academic,7.0,13.0,0.0,
chap5_para155,5,AI_Popular,Semi_Formal_Academic,7.0,6.6,0.0,
chap5_para156,5,AI_Popular,Semi_Formal_Academic,7.0,19.0,0.0,
chap5_para157,5,AI_Popular,Formal_Academic,8.0,25.0,0.0,
chap5_para158,5,AI_Popular,Formal_Academic,8.0,26.25,0.0,
chap5_para159,5,AI_Popular,Semi_Formal_Academic,7.0,16.14,0.035,
chap5_para160,5,AI_Popular,Semi_Formal_Academic,7.0,16.5,0.0,
chap5_para161,5,AI_Popular,Semi_Formal_Academic,7.5,21.2,0.0,
chap5_para162,5,AI_Popular,Formal_Academic,8.0,29.0,0.034,
chap5_para163,5,AI_Popular,Semi_Formal_Academic,7.0,2.0,0.0,
chap5_para164,5,AI_Popular,Formal_Academic,8.0,59.0,0.0,
chap5_para165,5,AI_Popular,Formal_Academic,8.5,35.8,0.011,
chap5_para166,5,AI_Popular,Formal_Academic,8.0,39.5,0.013,
chap5_para167,5,AI_Popular,Semi_Formal_Academic,7.0,17.0,0.0,
chap5_para168,5,AI_Popular,Formal_Academic,8.0,33.0,0.0,
chap5_para169,5,AI_Popular,Formal_Academic,8.0,25.0,0.0,
chap5_para170,5,AI_Popular,Formal_Academic,8.5,34.5,0.0,
chap5_para171,5,AI_Popular,Formal_Academic,8.0,33.0,0.0,
chap5_para172,5,AI_Popular,Formal_Academic,8.0,46.5,0.005,
chap5_para173,5,AI_Popular,Formal_Academic,8.0,26.67,0.0,
chap5_para174,5,AI_Popular,Formal_Academic,8.0,25.6,0.008,
chap5_para175,5,AI_Popular,Formal_Academic,8.0,31.25,0.0,
chap5_para176,5,AI_Popular,Semi_Formal_Academic,7.0,14.21,0.005,
chap5_para177,5,AI_Popular,Semi_Formal_Academic,7.0,22.0,0.0,
chap5_para178,5,AI_Popular,Semi_Formal_Academic,7.0,22.0,0.0,
chap5_para179,5,AI_Popular,Semi_Formal_Academic,7.0,14.0,0.0,
chap5_para180,5,AI_Popular,Semi_Formal_Academic,7.0,12.0,0.0,
chap5_para181,5,AI_Popular,Semi_Formal_Academic,7.0,16.67,0.0,
chap5_para182,5,AI_Popular,Semi_Formal_Academic,7.0,11.0,0.0,
chap5_para183,5,AI_Popular,Semi_Formal_Academic,7.0,23.0,0.0,
chap5_para184,5,AI_Popular,Semi_Formal_Academic,7.0,19.0,0.0,
chap5_para185,5,AI_Popular,Semi_Formal_Academic,7.0,13.5,0.0,
chap5_para186,5,AI_Popular,Formal_Academic,8.0,29.0,0.0,
chap5_para187,5,AI_Popular,Formal_Academic,8.5,27.5,0.0,
chap5_para188,5,AI_Popular,Formal_Academic,8.0,25.33,0.0,
chap5_para189,5,AI_Popular,Formal_Academic,8.0,31.0,0.032,
chap5_para190,5,AI_Popular,Formal_Academic,8.0,28.0,0.014,
chap5_para191,5,AI_Popular,Semi_Formal_Academic,7.0,20.5,0.0,
chap5_para192,5,AI_Popular,Semi_Formal_Academic,7.0,18.33,0.036,
chap5_para193,5,AI_Popular,Semi_Formal_Academic,7.0,15.0,0.0,
chap5_para194,5,AI_Popular,Semi_Formal_Academic,7.0,23.0,0.007,
chap5_para195,5,AI_Popular,Formal_Academic,8.0,25.83,0.0,
chap5_para196,5,AI_Popular,Semi_Formal_Academic,7.0,4.0,0.0,
chap5_para197,5,AI_Popular,Semi_Formal_Academic,7.0,20.4,0.029,
chap5_para198,5,AI_Popular,Formal_Academic,8.0,10.0,0.05,
chap5_para199,5,AI_Popular,Formal_Academic,8.0,25.5,0.02,
chap5_para200,5,AI_Popular,Formal_Academic,8.0,26.0,0.0,
chap5_para201,5,AI_Popular,Semi_Formal_Academic,7.0,19.29,0.0,
chap5_para202,5,AI_Popular,Semi_Formal_Academic,7.0,18.25,0.014,
chap5_para203,5,AI_Popular,Semi_Formal_Academic,7.0,23.67,0.028,
chap5_para204,5,AI_Popular,Semi_Formal_Academic,7.0,20.5,0.024,
chap5_para205,5,AI_Popular,Formal_Academic,8.0,27.0,0.0,
chap5_para206,5,AI_Popular,Semi_Formal_Academic,7.0,18.5,0.0,
chap5_para207,5,AI_Popular,Semi_Formal_Academic,7.0,16.0,0.0,
chap5_para208,5,AI_Popular,Semi_Formal_Academic,7.0,9.5,0.0,
chap5_para209,5,AI_Popular,Formal_Academic,8.0,16.0,0.062,
chap5_para210,5,AI_Popular,Semi_Formal_Academic,7.0,13.5,0.0,
chap5_para211,5,AI_Popular,Semi_Formal_Academic,7.0,16.5,0.03,
chap5_para212,5,AI_Popular,Semi_Formal_Academic,7.0,16.0,0.0,
chap5_para213,5,AI_Popular,Semi_Formal_Academic,7.0,23.33,0.0,
chap5_para214,5,AI_Popular,Formal_Academic,8.0,39.0,0.0,
chap5_para215,5,AI_Popular,Formal_Academic,8.0,27.5,0.018,
chap5_para216,5,AI_Popular,Semi_Formal_Academic,7.0,11.33,0.0,
chap5_para217,5,AI_Popular,Formal_Academic,8.0,33.33,0.02,
chap5_para218,5,AI_Popular,Semi_Formal_Academic,7.0,15.0,0.0,
chap5_para219,5,AI_Popular,Formal_Academic,8.0,42.5,0.024,
chap5_para220,5,AI_Popular,Semi_Formal_Academic,7.0,17.67,0.0,
chap5_para221,5,AI_Popular,Semi_Formal_Academic,7.0,17.0,0.0,
chap5_para222,5,AI_Popular,Semi_Formal_Academic,7.0,7.0,0.0,
chap5_para223,5,AI_Popular,Formal_Academic,8.0,29.0,0.0,
chap5_para224,5,AI_Popular,Formal_Academic,8.0,45.5,0.0,
chap5_para225,5,AI_Popular,Formal_Academic,8.0,32.0,0.0,
chap5_para226,5,AI_Popular,Semi_Formal_Academic,7.0,16.5,0.0,
chap5_para227,5,AI_Popular,Semi_Formal_Academic,7.0,19.17,0.009,
chap5_para228,5,AI_Popular,Formal_Academic,8.0,38.0,0.0,
chap5_para229,5,AI_Popular,Semi_Formal_Academic,7.0,18.5,0.0,
chap5_para230,5,AI_Popular,Formal_Academic,8.0,36.0,0.0,
chap5_para231,5,AI_Popular,Semi_Formal_Academic,7.0,18.0,0.0,
